aod440,aod870,eae,eae_sub,eae_sob,aod440_sub,aod440_sob,class,class_00,class_01,class_10,class_11,class_code
0.1615345,0.078592,1.0725375,0.8610733990491412,1.2840016009508588,0.1515345,0.1715345,4,4,3,4,3,MDM
0.09349199999999998,0.04395706666666667,1.141845066666667,0.7497410028415534,1.5339491304917807,0.08349199999999998,0.10349199999999997,3,4,3,4,3,BB
0.09636553333333334,0.05078613333333333,0.9693087333333332,0.6294729415763154,1.309144525090351,0.08636553333333334,0.10636553333333333,4,4,3,4,3,MDM
0.1671064444444444,0.117073,0.5592161111111111,0.40509452704796123,0.713337695174261,0.15710644444444438,0.1771064444444444,4,4,4,4,4,MDM
0.09876270000000001,0.0459528,1.151481,0.7771055446407356,1.5258564553592644,0.08876270000000001,0.1087627,3,4,3,4,3,BB
0.1053866428571429,0.05125271428571428,1.087035,0.7514622153696011,1.4226077846303988,0.0953866428571429,0.1153866428571429,4,4,3,4,3,MDM
0.1193545882352941,0.07073100000000002,0.838927588235294,0.5903884347896009,1.0874667416809871,0.1093545882352941,0.1293545882352941,4,4,4,4,4,MDM
0.09267929411764704,0.0680565294117647,0.5957071176470589,0.3156786183310634,0.8757356169630544,0.08267929411764705,0.10267929411764704,4,4,4,4,4,MDM
0.07878720000000002,0.0354454,1.2179338,0.7185022599936475,1.7173653400063524,0.06878720000000002,0.08878720000000001,2,1,2,4,3,MUIBB
0.042212,0.020612,1.133121,,,0.032212,0.052212,2,4,4,4,4,MUIBB
0.09114183333333332,0.042943,1.151687666666667,0.7559481384833089,1.5474271948500253,0.08114183333333333,0.10114183333333332,3,4,3,4,3,BB
0.1033422,0.063445,0.8111215333333334,0.5289898868716272,1.0932531797950396,0.0933422,0.11334219999999999,4,4,4,4,4,MDM
0.1044438461538462,0.05510323076923077,0.9685384615384616,0.6583401117288097,1.2787368113481135,0.09444384615384621,0.1144438461538462,4,4,3,4,3,MDM
0.1121035714285714,0.05607971428571429,1.060229857142857,0.7571689720536627,1.3632907422320513,0.1021035714285714,0.1221035714285714,4,4,3,4,3,MDM
0.05063691666666666,0.03904541666666666,0.43861525,0.0,0.9748980798804308,0.04063691666666666,0.060636916666666665,1,1,1,1,1,M
0.043561,0.02215883333333334,1.067389111111111,,,0.033561,0.053561000000000004,1,4,4,4,4,M
0.0590715,0.03667983333333334,0.778235,,,0.0490715,0.0690715,1,4,4,4,4,M
0.03942685714285714,0.03171257142857143,0.4162194285714286,,,0.029426857142857137,0.04942685714285714,1,4,4,4,4,M
0.0648651875,0.04706,0.5376935625,0.12586559109012707,0.9495215339098729,0.0548651875,0.0748651875,1,1,1,1,1,M
0.05016975,0.0286335,0.8894027499999999,,,0.04016975,0.06016975,1,4,4,4,4,M
0.06905819999999999,0.0366964,0.9748889999999999,,,0.059058199999999984,0.07905819999999998,1,4,4,4,4,M
3.118344818181818,0.913993607142857,1.910425571428572,1.8937012516233995,1.9271498912337446,3.108344818181818,3.1283448181818176,3,3,3,3,3,BB
3.449617533333334,1.039070266666667,1.758945266666667,1.7440093641575807,1.7738811691757532,3.439617533333334,3.4596175333333337,3,3,3,3,3,BB
1.1556265,0.3625338,1.709764,1.6673577678292852,1.7521702321707149,1.1456264999999999,1.1656265,3,3,3,3,3,BB
3.148937214285714,0.8086199999999999,1.896709172413793,1.8775978285145918,1.9158205163129942,3.1389372142857144,3.158937214285714,3,3,3,3,3,BB
2.246037552631579,0.6553509787234043,1.823584829787233,1.8002683443541418,1.8469013152203242,2.236037552631579,2.256037552631579,3,3,3,3,3,BB
2.846480043478261,0.9292821200000002,1.63532244,1.6187174388754155,1.6519274411245843,2.8364800434782613,2.856480043478261,3,3,3,3,3,BB
1.872615458333333,0.5272626666666668,1.860205833333333,1.8313033790532969,1.889108287613369,1.862615458333333,1.882615458333333,3,3,3,3,3,BB
1.443462857142857,0.4133138571428572,1.828689714285714,1.7917727377199126,1.8656066908515152,1.433462857142857,1.453462857142857,3,3,3,3,3,BB
0.7860772857142857,0.2285684761904762,1.812126285714286,1.7444410055752568,1.879811565853315,0.7760772857142857,0.7960772857142857,3,3,3,3,3,BB
1.336335181818182,0.4041778787878788,1.754093909090909,1.716177274522127,1.7920105436596907,1.3263351818181819,1.346335181818182,3,3,3,3,3,BB
1.625966875,0.499975625,1.725437,1.6946817924602757,1.7561922075397245,1.615966875,1.635966875,3,3,3,3,3,BB
0.3787632857142857,0.127027,1.606040714285714,1.482310517288947,1.729770911282481,0.3687632857142857,0.3887632857142857,3,3,3,3,3,BB
0.30265285,0.14601155,1.07121395,0.9577665635037066,1.1846613364962932,0.29265284999999996,0.31265285,4,4,3,4,3,MDM
0.828952135135135,0.256092945945946,1.725874837837838,1.66592446778214,1.7858252078935357,0.818952135135135,0.838952135135135,3,3,3,3,3,BB
0.8771370000000001,0.297745,1.5869045,1.53487710492218,1.6389318950778198,0.867137,0.8871370000000001,3,3,3,3,3,BB
0.881206375,0.281861,1.67051675,1.6158766281841574,1.7251568718158425,0.871206375,0.891206375,3,3,3,3,3,BB
1.8555131,1.167639909090909,1.097982909090909,1.083139695176406,1.112826123005412,1.8455131,1.8655131,4,4,4,4,4,MDM
0.4741737567567568,0.1643118918918919,1.553691162162163,1.4592089525076983,1.6481733718166276,0.4641737567567568,0.48417375675675683,3,3,3,3,3,BB
0.5068902162162163,0.1694592972972973,1.607104027027028,1.5158323805378384,1.6983756735162177,0.4968902162162163,0.5168902162162163,3,3,3,3,3,BB
0.7566357222222222,0.2871495555555555,1.423074333333333,1.3680888040512496,1.4780598626154167,0.7466357222222222,0.7666357222222222,3,3,3,3,3,BB
0.6822063846153845,0.2283234615384616,1.604158769230769,1.5355958851225515,1.6727216533389866,0.6722063846153845,0.6922063846153845,3,3,3,3,3,BB
0.6869046,0.2271534,1.6230634,1.5546356571917577,1.6914911428082422,0.6769046,0.6969046,3,3,3,3,3,BB
0.7935653333333335,0.2501775,1.693767666666667,1.632289338355007,1.755245994978327,0.7835653333333334,0.8035653333333335,3,3,3,3,3,BB
0.6698070714285717,0.2632999285714286,1.411742,1.3518807090379377,1.4716032909620624,0.6598070714285716,0.6798070714285717,3,3,3,3,3,BB
0.7211485,0.2660560714285715,1.459829571428572,1.4010627284103876,1.5185964144467565,0.7111485,0.7311485,3,3,3,3,3,BB
0.3880865882352941,0.1473286764705882,1.423376294117647,1.3158855249090369,1.5308670633262573,0.3780865882352941,0.39808658823529414,3,3,3,3,3,BB
0.4233217714285715,0.1429987428571429,1.591242457142857,1.4829678236515833,1.6995170906341306,0.4133217714285715,0.43332177142857153,3,3,3,3,3,BB
0.7465058,0.2581162,1.5631054,1.5029738785644606,1.6232369214355393,0.7365058,0.7565058,3,3,3,3,3,BB
0.5781874285714286,0.2089287142857143,1.500503285714286,1.4253863571981418,1.57562021423043,0.5681874285714286,0.5881874285714286,3,3,3,3,3,BB
0.8826666249999999,0.30650575,1.566399,1.515737482090416,1.6170605179095843,0.8726666249999999,0.8926666249999999,3,3,3,3,3,BB
0.462503,0.145009,1.705693,1.5966868490852473,1.8146991509147525,0.452503,0.472503,3,3,3,3,3,BB
0.6109636382978725,0.1823427234042553,1.769318276595745,1.6853655140921067,1.8532710390993832,0.6009636382978725,0.6209636382978725,3,3,3,3,3,BB
0.4875804583333332,0.157641625,1.661013291666666,1.5632190740513467,1.7588075092819853,0.4775804583333332,0.4975804583333332,3,3,3,3,3,BB
0.877821,0.427047,1.057565,1.0191857662040344,1.0959442337959657,0.867821,0.887821,4,4,4,4,4,MDM
0.397121,0.14846,1.449252,1.342856538321983,1.555647461678017,0.387121,0.407121,3,3,3,3,3,BB
0.4609157692307692,0.2521841538461538,1.192489615384615,1.1261853097902983,1.2587939209789316,0.4509157692307692,0.4709157692307692,3,4,3,4,3,BB
0.1491310769230769,0.06348584615384614,1.279512692307692,1.0268779994261672,1.532147385189217,0.13913107692307689,0.1591310769230769,3,4,3,4,3,BB
0.209567,0.07844075,1.457700875,1.251893859309068,1.663507890690932,0.199567,0.219567,3,3,3,3,3,BB
0.325218,0.1452551764705882,1.207831882352941,1.0972303760321345,1.3184333886737476,0.315218,0.335218,3,4,3,4,3,BB
0.4820485,0.2373095,1.0431735,0.9740077805399056,1.1123392194600945,0.4720485,0.4920485,4,4,4,4,4,MDM
0.3851998888888888,0.1648291111111111,1.251457111111111,1.1539904972294222,1.3489237249927999,0.3751998888888888,0.3951998888888888,3,3,3,3,3,BB
0.116541945945946,0.05874172972972976,1.04552654054054,0.7490132983205009,1.3420397827605792,0.106541945945946,0.126541945945946,4,4,3,4,3,MDM
0.27393,0.14037525,1.061270875,0.9431904254180596,1.1793513245819403,0.26393,0.28393,4,4,3,4,3,MDM
0.3349095,0.12482825,1.47857575,1.3531666569789533,1.6039848430210468,0.3249095,0.34490950000000004,3,3,3,3,3,BB
0.324809,0.137304,1.274093,1.157001509144619,1.3911844908553808,0.314809,0.334809,3,3,3,3,3,BB
0.4058395,0.1662925,1.318451,1.2230995937505598,1.4138024062494403,0.3958395,0.41583950000000003,3,3,3,3,3,BB
0.5794125,0.1890815,1.6453925,1.5628678071564763,1.7279171928435237,0.5694125,0.5894125,3,3,3,3,3,BB
0.18937725,0.0773515,1.31884775,1.1120079920511596,1.5256875079488403,0.17937725,0.19937725,3,4,3,4,3,BB
0.329388,0.162587,1.0415295,0.9398339852579779,1.1432250147420222,0.319388,0.339388,4,4,3,4,3,MDM
0.2476482,0.1051724,1.2969568,1.1412417337614507,1.4526718662385494,0.2376482,0.2576482,3,3,3,3,3,BB
0.2898557142857143,0.0937225,1.672287642857143,1.5077960321011608,1.836779253613125,0.2798557142857143,0.29985571428571434,3,3,3,3,3,BB
0.3987857142857142,0.1728407142857143,1.274273714285714,1.1817762526705948,1.366771175900833,0.3887857142857142,0.4087857142857142,3,3,3,3,3,BB
0.2470386428571428,0.08691185714285712,1.541945,1.359185347423159,1.7247046525768408,0.2370386428571428,0.2570386428571428,3,3,3,3,3,BB
0.3247177777777778,0.1267595555555555,1.383753888888889,1.2595276068163779,1.5079801709614,0.3147177777777778,0.33471777777777784,3,3,3,3,3,BB
0.387347,0.195413,1.011704,0.925721733498017,1.0976862665019829,0.377347,0.397347,4,4,4,4,4,MDM
0.3046760000000001,0.12102225,1.3993795,1.2689598996188742,1.5297991003811258,0.2946760000000001,0.3146760000000001,3,3,3,3,3,BB
0.306142,0.120649,1.371673,1.2380589418378396,1.5052870581621602,0.296142,0.31614200000000003,3,3,3,3,3,BB
0.553352,0.263198,1.09395,1.0320877300536735,1.1558122699463265,0.543352,0.563352,4,4,3,4,3,MDM
0.95294,0.378724,1.356051,1.3143720606084408,1.397729939391559,0.94294,0.96294,3,3,3,3,3,BB
0.895068,0.435505,1.059925,1.0217091542438466,1.0981408457561534,0.885068,0.905068,4,4,4,4,4,MDM
0.5842068888888889,0.1986943333333333,1.604129444444444,1.5252996531839074,1.6829592357049807,0.5742068888888889,0.594206888888889,3,3,3,3,3,BB
0.589455,0.229286,1.416010285714286,1.3472073785947365,1.4848131928338355,0.5794549999999999,0.599455,3,3,3,3,3,BB
0.3482332857142857,0.1261522857142857,1.520532142857143,1.3938258582056084,1.6472384275086775,0.3382332857142857,0.3582332857142857,3,3,3,3,3,BB
0.156517,0.066613,1.272032,1.0258195390959048,1.5182444609040953,0.14651699999999998,0.166517,3,4,3,4,3,BB
0.06498033333333332,0.031394,1.115568333333333,,,0.05498033333333332,0.07498033333333332,1,4,4,4,4,M
0.1209253333333333,0.04807155555555556,1.381515666666667,1.030787395725374,1.7322439376079601,0.1109253333333333,0.1309253333333333,3,4,3,4,3,BB
0.124426,0.054629,1.234137,0.931419584813256,1.536854415186744,0.114426,0.134426,3,4,3,4,3,BB
0.1009624666666667,0.05717366666666666,0.8670413333333333,0.5597256692965386,1.1743569973701282,0.0909624666666667,0.11096246666666669,4,4,3,4,3,MDM
0.1478155,0.08400725,0.85152525,0.648476929875994,1.054573570124006,0.13781549999999998,0.1578155,4,4,4,4,4,MDM
0.146259375,0.074407,1.0057875,0.7826080581273922,1.228966941872608,0.136259375,0.156259375,4,4,3,4,3,MDM
0.219386,0.111059,1.043209,0.8949193087488025,1.1914986912511976,0.209386,0.229386,4,4,3,4,3,MDM
0.096121625,0.0616025,0.7009808750000001,0.40685323733210343,0.9951085126678967,0.08612162500000001,0.106121625,4,4,4,4,4,MDM
0.1727043076923077,0.09376553846153848,0.9809113846153845,0.7982228571287957,1.1635999121019733,0.1627043076923077,0.18270430769230772,4,4,3,4,3,MDM
0.1946241,0.1044141,0.9809661000000001,0.8215383852432634,1.1403938147567367,0.18462409999999999,0.2046241,4,4,3,4,3,MDM
0.3148637142857143,0.1852085714285714,0.7882025714285714,0.6963150608974764,0.8800900819596664,0.3048637142857143,0.3248637142857143,4,4,4,4,4,MDM
0.1182081428571429,0.07928614285714286,0.6219042857142857,0.39913046628969084,0.8446781051388805,0.1082081428571429,0.1282081428571429,4,4,4,4,4,MDM
0.08663627777777777,0.04466438888888888,1.005088055555555,0.6043630435734986,1.4058130675376115,0.07663627777777778,0.09663627777777777,4,1,2,4,3,MDM
0.202524,0.094143,1.130694,0.9581926254234234,1.3031953745765767,0.192524,0.21252400000000002,3,4,3,4,3,BB
0.1228793684210526,0.08052899999999999,0.6440453684210526,0.42304222554265625,0.865048511299449,0.1128793684210526,0.1328793684210526,4,4,4,4,4,MDM
0.14028425,0.08595081249999999,0.7417239999999999,0.5406345165120097,0.9428134834879902,0.13028425,0.15028425,4,4,4,4,4,MDM
0.1328356285714286,0.06840142857142857,0.9873858857142858,0.7406938220545176,1.234077949374054,0.12283562857142862,0.14283562857142862,4,4,3,4,3,MDM
0.1489287619047619,0.06995833333333334,1.121349285714286,0.8896884259406825,1.3530101454878893,0.1389287619047619,0.1589287619047619,4,4,3,4,3,MDM
0.10078825,0.050468,1.04141675,0.7009282556500134,1.3819052443499866,0.09078825,0.11078824999999999,4,4,3,4,3,MDM
0.14668875,0.08547375000000001,0.8135162499999999,0.6127413275087278,1.0142911724912722,0.13668875,0.15668875000000002,4,4,4,4,4,MDM
0.1012323076923077,0.05585046153846154,0.8967709230769233,0.5875200787777628,1.2060217673760838,0.09123230769230771,0.1112323076923077,4,4,3,4,3,MDM
0.1103939230769231,0.06329476923076924,0.8329150769230769,0.5602143606986637,1.1056157931474901,0.1003939230769231,0.12039392307692309,4,4,4,4,4,MDM
0.149639,0.0724275,1.0840365,0.8548854172484772,1.313187582751523,0.13963899999999999,0.159639,4,4,3,4,3,MDM
0.121503,0.061007,1.028643,0.7520764828461239,1.305209517153876,0.111503,0.131503,4,4,3,4,3,MDM
0.1031487142857143,0.07750514285714286,0.4750162142857142,0.2373983299747472,0.7126340985966813,0.0931487142857143,0.1131487142857143,4,4,4,4,4,MDM
0.06122685714285715,0.04104714285714285,0.6284459285714287,0.17438239851216591,1.0825094586306914,0.05122685714285715,0.07122685714285715,1,1,1,1,1,M
0.101137625,0.0532219375,1.0017565625,0.6721193432699317,1.3313937817300683,0.091137625,0.11113762499999999,4,4,3,4,3,MDM
0.06892039999999998,0.03848276666666666,0.9232139333333336,,,0.05892039999999998,0.07892039999999997,1,4,4,4,4,M
0.07086878260869564,0.03673460869565217,1.008302173913043,,,0.06086878260869564,0.08086878260869564,1,4,4,4,4,M
0.09568076923076922,0.05738153846153846,0.771066076923077,0.4668699384356092,1.075262215410545,0.08568076923076923,0.10568076923076922,4,4,4,4,4,MDM
0.1468174615384615,0.1027360769230769,0.546994,0.3715139008301156,0.7224740991698844,0.1368174615384615,0.15681746153846152,4,4,4,4,4,MDM
0.1065877142857143,0.05830214285714286,0.9161737142857144,0.6204568935880261,1.2118905349834026,0.0965877142857143,0.1165877142857143,4,4,3,4,3,MDM
0.109488,0.039029,1.499757,1.0548077795086181,1.9447062204913819,0.09948800000000001,0.119488,3,4,3,4,3,BB
0.07154579166666668,0.026926125,1.442027041666667,,,0.061545791666666676,0.08154579166666667,2,4,4,4,4,MUIBB
0.101589,0.047993,1.081249444444444,0.7225587851340796,1.4399401037548085,0.091589,0.111589,4,4,3,4,3,MDM
0.09493366666666665,0.03411,1.502691,,,0.08493366666666666,0.10493366666666665,3,4,4,4,4,BB
0.1007191,0.0410661,1.4112207,0.9989328754281931,1.8235085245718072,0.09071910000000001,0.1107191,3,4,3,4,3,BB
0.07507010638297872,0.02611236170212767,1.563126510638298,,,0.06507010638297872,0.08507010638297871,2,4,4,4,4,MUIBB
0.09133788461538463,0.03127738461538462,1.574898884615385,,,0.08133788461538463,0.10133788461538462,3,4,4,4,4,BB
0.09222774999999998,0.041091875,1.235653125,0.8170551467067169,1.6542511032932832,0.08222774999999999,0.10222774999999998,3,4,3,4,3,BB
0.1259768571428571,0.06497157142857143,1.035977,0.7767342720291399,1.29521972797086,0.11597685714285712,0.13597685714285712,4,4,3,4,3,MDM
0.1103243333333333,0.037045,1.590844666666667,1.1216226670137244,2.0600666663196097,0.10032433333333331,0.1203243333333333,3,4,3,4,3,BB
0.1072528333333333,0.05554816666666666,1.066921333333333,0.7575303820172834,1.3763122846493825,0.0972528333333333,0.11725283333333329,4,4,3,4,3,MDM
0.08985883333333335,0.03865693333333334,1.277277933333333,0.8185066787779929,1.7360491878886732,0.07985883333333335,0.09985883333333334,3,1,2,4,3,BB
0.08952055555555553,0.04063992592592593,1.176845814814815,0.7572666676440571,1.596424961985573,0.07952055555555554,0.09952055555555553,3,1,2,4,3,BB
0.0809979090909091,0.04278472727272728,1.056780363636364,0.6318896521598494,1.4816710751128785,0.07099790909090911,0.0909979090909091,4,1,2,4,3,MDM
0.08063901923076924,0.03353790384615384,1.299225442307692,,,0.07063901923076925,0.09063901923076924,3,4,4,4,4,BB
0.07921999999999996,0.03184874193548387,1.338638677419355,,,0.06921999999999996,0.08921999999999995,2,4,4,4,4,MUIBB
0.11588665,0.046121675,1.35375975,0.9847013610509934,1.7228181389490067,0.10588665,0.12588665,3,4,3,4,3,BB
0.1196177666666667,0.04670483333333333,1.385727833333334,1.0310033159819525,1.7404523506847156,0.1096177666666667,0.1296177666666667,3,4,3,4,3,BB
0.1154809411764706,0.05220935294117647,1.209434294117647,0.8857913750941653,1.5330772131411288,0.10548094117647061,0.1254809411764706,3,4,3,4,3,BB
0.08833686666666667,0.03116773333333334,1.533033666666667,,,0.07833686666666667,0.09833686666666666,3,4,4,4,4,BB
0.073243,0.031579,1.248952,,,0.06324300000000001,0.083243,2,4,4,4,4,MUIBB
0.1194858571428571,0.05418490476190476,1.225658142857143,0.9159428685552683,1.5353734171590174,0.10948585714285711,0.1294858571428571,3,4,3,4,3,BB
0.1212391111111111,0.0502728888888889,1.322533592592592,0.982788855121426,1.6622783300637582,0.11123911111111111,0.1312391111111111,3,4,3,4,3,BB
0.08772450000000001,0.0447894,1.1024419,0.7057877863738118,1.4990960136261884,0.07772450000000002,0.0977245,4,1,2,4,3,MDM
0.09026919047619049,0.03665514285714287,1.354882571428571,,,0.0802691904761905,0.10026919047619048,3,4,4,4,4,BB
0.10004034375,0.05528743750000001,0.89050784375,0.5796297894762534,1.2013858980237466,0.09004034375,0.11004034374999999,4,4,3,4,3,MDM
0.1416556666666667,0.07272,1.0005725,0.7699793382408487,1.2311656617591513,0.1316556666666667,0.15165566666666672,4,4,3,4,3,MDM
0.1124371351351351,0.0409024054054054,1.480275783783784,1.0712214088824032,1.889330158685165,0.10243713513513511,0.1224371351351351,3,4,3,4,3,BB
0.1203572647058823,0.03925832352941176,1.650490882352941,1.22248276519413,2.078498999511752,0.11035726470588231,0.1303572647058823,3,3,3,3,3,BB
0.1010260465116279,0.03226413953488372,1.663880209302326,,,0.0910260465116279,0.1110260465116279,3,4,4,4,4,BB
0.08366926315789475,0.03023328947368421,1.499297710526316,,,0.07366926315789475,0.09366926315789474,3,4,4,4,4,BB
0.09105882142857144,0.03260671428571429,1.510436107142857,,,0.08105882142857145,0.10105882142857144,3,4,4,4,4,BB
0.0967629107142857,0.03565057142857143,1.4562445,,,0.0867629107142857,0.10676291071428569,3,4,4,4,4,BB
0.07366151724137932,0.03060658620689655,1.289121413793104,,,0.06366151724137932,0.08366151724137931,2,4,4,4,4,MUIBB
0.06835942592592593,0.03178374074074074,1.134654037037037,,,0.05835942592592593,0.07835942592592593,2,4,4,4,4,MUIBB
0.1023966153846154,0.04223776923076924,1.301956423076923,0.9052932672940435,1.6986195788598024,0.09239661538461541,0.1123966153846154,3,4,3,4,3,BB
0.1410169230769231,0.05002353846153847,1.523344307692308,1.1924877850554898,1.8542008303291264,0.1310169230769231,0.1510169230769231,3,3,3,3,3,BB
0.164208652173913,0.05548934782608694,1.582486695652174,1.2926495989755005,1.8723237923288474,0.154208652173913,0.17420865217391301,3,3,3,3,3,BB
0.10958625,0.04157008333333335,1.430193875,1.0181425115553586,1.8422452384446415,0.09958625,0.11958624999999999,3,4,3,4,3,BB
0.1335265,0.0542055,1.3549365,1.052749075986664,1.657123924013336,0.1235265,0.1435265,3,4,3,4,3,BB
0.1527149,0.0796895,0.9702329000000001,0.7561209067057275,1.1843448932942726,0.14271489999999998,0.1627149,4,4,3,4,3,MDM
0.1375519090909091,0.056253,1.299107545454546,1.005074674712716,1.593140416196376,0.1275519090909091,0.14755190909090912,3,4,3,4,3,BB
0.1036592068965517,0.03632656896551724,1.541751706896552,1.0575472586460326,2.0259561551470715,0.0936592068965517,0.11365920689655169,3,4,3,4,3,BB
0.08597338596491229,0.03261312280701754,1.420304035087719,,,0.0759733859649123,0.09597338596491228,3,4,4,4,4,BB
0.0993456923076923,0.03952384615384615,1.354594538461539,0.9157804340334488,1.7934086428896292,0.0893456923076923,0.1093456923076923,3,4,3,4,3,BB
0.09999618181818182,0.04258733333333334,1.235424963636363,0.839985023191783,1.6308649040809429,0.08999618181818182,0.10999618181818181,3,4,3,4,3,BB
0.07702296226415094,0.0344737358490566,1.182342981132076,,,0.06702296226415094,0.08702296226415093,2,4,4,4,4,MUIBB
0.08148997826086955,0.03758806521739132,1.139275,0.6640911324997737,1.6144588675002263,0.07148997826086956,0.09148997826086955,3,1,2,4,3,BB
0.07839504444444445,0.03681475555555555,1.121677622222222,0.6338509639455455,1.6095042804988986,0.06839504444444446,0.08839504444444445,1,1,2,4,3,M
0.09063006521739128,0.04045306521739131,1.186982804347826,0.7543811300064761,1.619584478689176,0.08063006521739129,0.10063006521739128,3,4,3,4,3,BB
0.06404326190476191,0.02978478571428573,1.129529357142857,,,0.054043261904761906,0.0740432619047619,1,4,4,4,4,M
0.0563949534883721,0.02585923255813953,1.136829046511628,,,0.046394953488372095,0.0663949534883721,2,4,4,4,4,MUIBB
0.0743925625,0.031847375,1.2560963125,,,0.0643925625,0.08439256249999999,2,4,4,4,4,MUIBB
0.07755865517241381,0.03789687931034483,1.054622362068966,0.5769912161976765,1.5322535079402557,0.06755865517241381,0.0875586551724138,1,1,2,4,3,M
0.09087388571428573,0.04052048571428572,1.177267285714286,0.7468737341457506,1.6076608372828214,0.08087388571428573,0.10087388571428572,3,4,3,4,3,BB
0.1042620277777778,0.04572175000000001,1.199541,0.8355108416380447,1.5635711583619551,0.0942620277777778,0.11426202777777779,3,4,3,4,3,BB
0.07057892105263157,0.03519473684210526,1.012010894736842,0.48141965094063643,1.5426021385330477,0.06057892105263157,0.08057892105263156,1,1,2,4,3,M
0.0820014523809524,0.03763002380952381,1.098384642857143,,,0.0720014523809524,0.09200145238095239,4,4,4,4,4,MDM
0.0838491,0.04255020000000001,0.9899259333333332,0.5769630580333066,1.4028888086333597,0.0738491,0.09384909999999999,4,1,2,4,3,MDM
0.07430606451612903,0.04063451612903227,0.8790778064516128,0.4393372478374172,1.3188183650658085,0.06430606451612904,0.08430606451612903,1,1,2,4,3,M
0.1024963421052631,0.04351494736842105,1.218327342105263,0.8268465226711839,1.609808161539342,0.0924963421052631,0.11249634210526309,3,4,3,4,3,BB
0.1217464722222222,0.05101525000000001,1.252923388888889,0.9285704532097228,1.5772763245680554,0.1117464722222222,0.1317464722222222,3,4,3,4,3,BB
0.1081681111111111,0.04896525925925926,1.165368111111111,0.8247223291664743,1.5060138930557476,0.09816811111111111,0.1181681111111111,3,4,3,4,3,BB
0.1391252051282051,0.0526096153846154,1.421551435897436,1.1052539229913922,1.7378489488034796,0.12912520512820508,0.1491252051282051,3,4,3,4,3,BB
0.132184947368421,0.05449573684210527,1.302247210526316,0.9974122166411461,1.607082204411486,0.12218494736842102,0.14218494736842102,3,4,3,4,3,BB
0.150668,0.0648515,1.245768,0.9891578986962606,1.5023781013037394,0.140668,0.160668,3,4,3,4,3,BB
0.1242988648648649,0.0480562972972973,1.397791702702702,1.0587574897460503,1.7368259156593537,0.1142988648648649,0.1342988648648649,3,4,3,4,3,BB
0.1463578536585366,0.0497350243902439,1.574319463414634,1.2414754664806216,1.9071634603486465,0.1363578536585366,0.1563578536585366,3,3,3,3,3,BB
0.1618224074074074,0.05637088888888887,1.555026851851852,1.2681361476552584,1.8419175560484455,0.15182240740740738,0.1718224074074074,3,3,3,3,3,BB
0.2057399189189189,0.07027275675675677,1.586064945945946,1.3619433280331443,1.8101865638587475,0.1957399189189189,0.21573991891891892,3,3,3,3,3,BB
0.1994133448275862,0.06987558620689654,1.537494241379311,1.3101994159259445,1.7647890668326773,0.18941334482758618,0.2094133448275862,3,3,3,3,3,BB
0.2023652682926829,0.08530517073170733,1.294379390243903,1.1043594977014675,1.4843992827863384,0.19236526829268288,0.2123652682926829,3,4,3,4,3,BB
0.16574972,0.06498287999999999,1.37019936,1.1193752085035917,1.6210235114964082,0.15574971999999998,0.17574972,3,4,3,4,3,BB
0.1627674146341463,0.05881353658536584,1.492799170731707,1.219358714135776,1.766239627327638,0.15276741463414628,0.1727674146341463,3,3,3,3,3,BB
0.329450090909091,0.1158453181818182,1.532798863636364,1.3985745881574885,1.6670231391152397,0.319450090909091,0.339450090909091,3,3,3,3,3,BB
0.2702598974358973,0.09788905128205128,1.489881641025641,1.3305034702533196,1.6492598117979624,0.2602598974358973,0.2802598974358973,3,3,3,3,3,BB
0.2389456279069768,0.08593983720930233,1.501543023255814,1.317775553275946,1.685310493235682,0.22894562790697678,0.2489456279069768,3,3,3,3,3,BB
0.228228,0.0833336129032258,1.476128741935484,1.2846829999382325,1.6675744839327356,0.21822799999999998,0.238228,3,3,3,3,3,BB
0.1936803333333333,0.06970325000000001,1.4942685,1.2664859842682419,1.7220510157317581,0.18368033333333328,0.2036803333333333,3,3,3,3,3,BB
0.2230954736842105,0.07626826315789473,1.573025736842105,1.3644780695089198,1.7815734041752902,0.2130954736842105,0.23309547368421052,3,3,3,3,3,BB
0.2369093333333333,0.0834941111111111,1.534935555555555,1.3446995251786997,1.7251715859324104,0.2269093333333333,0.24690933333333331,3,3,3,3,3,BB
0.2053842857142857,0.08894028571428572,1.365176285714286,1.1835738602702062,1.5467787111583657,0.1953842857142857,0.21538428571428572,3,3,3,3,3,BB
0.2259168125,0.08564437499999998,1.4197594375,1.235786185090853,1.603732689909147,0.2159168125,0.23591681250000002,3,3,3,3,3,BB
0.1484838571428571,0.05190814285714286,1.546050285714285,1.2397973123247386,1.8523032591038315,0.1384838571428571,0.15848385714285712,3,3,3,3,3,BB
0.2147922105263158,0.0770397894736842,1.498235315789474,1.2876795135559373,1.7087911180230109,0.2047922105263158,0.22479221052631582,3,3,3,3,3,BB
0.2921005555555556,0.1131467777777778,1.386845555555555,1.2476684928727586,1.5260226182383514,0.2821005555555556,0.3021005555555556,3,3,3,3,3,BB
0.1681362,0.06448098000000001,1.40203062,1.1493446442004234,1.6547165957995764,0.1581362,0.17813620000000002,3,3,3,3,3,BB
0.1859313488372093,0.06892962790697675,1.451496465116279,1.2198181702832465,1.6831747599493114,0.1759313488372093,0.1959313488372093,3,3,3,3,3,BB
0.2460800731707317,0.0860089268292683,1.542087829268293,1.3612060309605702,1.7229696275760156,0.23608007317073168,0.25608007317073167,3,3,3,3,3,BB
0.3339301818181818,0.1171288095238095,1.532957954545454,1.399528252857022,1.6663876562338857,0.3239301818181818,0.3439301818181818,3,3,3,3,3,BB
0.364461,0.126418,1.55041,1.4275937390178615,1.6732262609821387,0.35446099999999997,0.374461,3,3,3,3,3,BB
0.2995276078431373,0.1016563921568627,1.579501509803922,1.4261626201203117,1.7328403994875323,0.2895276078431373,0.3095276078431373,3,3,3,3,3,BB
0.1758151666666667,0.06655233333333335,1.426192666666667,1.1847453562569896,1.6676399770763446,0.16581516666666668,0.1858151666666667,3,3,3,3,3,BB
0.2342520344827586,0.08541234482758618,1.474816,1.285708148492708,1.6639238515072918,0.2242520344827586,0.24425203448275862,3,3,3,3,3,BB
0.1915421,0.06961136666666666,1.476554233333333,1.2467471761324698,1.7063612905341963,0.18154209999999998,0.2015421,3,3,3,3,3,BB
0.1970089318181818,0.06254970454545455,1.678920045454545,1.4243706248925532,1.9334694660165368,0.1870089318181818,0.2070089318181818,3,3,3,3,3,BB
0.3020517872340426,0.0828226595744681,1.894033361702128,1.7074063047985086,2.080660418605748,0.29205178723404257,0.3120517872340426,3,3,3,3,3,BB
0.2327126,0.07088788,1.7427845,1.5197107789276914,1.9658582210723086,0.22271259999999998,0.2427126,3,3,3,3,3,BB
0.2467509318181818,0.08003411363636365,1.650934704545455,1.4515949510833668,1.8502744580075432,0.2367509318181818,0.2567509318181818,3,3,3,3,3,BB
0.2770673225806452,0.08125574193548386,1.788739322580645,1.5985176850264842,1.9789609601348057,0.2670673225806452,0.2870673225806452,3,3,3,3,3,BB
0.2275947,0.09979649999999998,1.2235773,1.0630804515042274,1.3840741484957728,0.2175947,0.23759470000000002,3,4,3,4,3,BB
0.29117775,0.08928095454545455,1.731135931818182,1.5560429629229666,1.9062289007133975,0.28117775,0.30117775,3,3,3,3,3,BB
0.4237508461538461,0.132629,1.703602346153847,1.5842328644252595,1.8229718278824345,0.4137508461538461,0.4337508461538461,3,3,3,3,3,BB
0.48601225,0.1490052222222222,1.726881916666666,1.623914154999386,1.829849678333946,0.47601224999999997,0.49601225,3,3,3,3,3,BB
0.7370952857142858,0.2201584285714286,1.771806238095238,1.7018734012292627,1.8417390749612133,0.7270952857142858,0.7470952857142859,3,3,3,3,3,BB
0.5018259444444445,0.1681171111111111,1.605408555555556,1.5133888688081851,1.6974282423029268,0.4918259444444445,0.5118259444444445,3,3,3,3,3,BB
0.3027735999999999,0.10385125,1.5802497,1.4307391043386843,1.7297602956613156,0.2927735999999999,0.31277359999999993,3,3,3,3,3,BB
0.3925808333333333,0.1157985,1.7867635,1.6522554067809705,1.9212715932190294,0.3825808333333333,0.40258083333333333,3,3,3,3,3,BB
0.454664,0.228156,1.009577,0.9362756599730148,1.0828783400269852,0.444664,0.464664,4,4,4,4,4,MDM
0.4107547777777778,0.1489184444444444,1.493531111111111,1.386971751798793,1.600090470423429,0.4007547777777778,0.4207547777777778,3,3,3,3,3,BB
0.270439,0.109116,1.332831,1.1862991069779714,1.4793628930220288,0.260439,0.280439,3,3,3,3,3,BB
0.3532605,0.1426063333333333,1.346431833333333,1.2355044017979089,1.457359264868757,0.34326049999999997,0.3632605,3,3,3,3,3,BB
0.61100075,0.2012445,1.624397625,1.5476551910987173,1.7011400589012828,0.60100075,0.62100075,3,3,3,3,3,BB
0.4137018888888888,0.1501184444444444,1.485147222222222,1.380319444642538,1.589974999801906,0.4037018888888888,0.4237018888888888,3,3,3,3,3,BB
0.4162068888888889,0.1442862222222222,1.575267611111111,1.4676672024528883,1.6828680197693338,0.4062068888888889,0.4262068888888889,3,3,3,3,3,BB
0.5171164444444444,0.1849071111111111,1.498014111111111,1.4131904203084864,1.5828378019137355,0.5071164444444444,0.5271164444444444,3,3,3,3,3,BB
0.4067533999999999,0.14214355,1.54334645,1.4339312951672374,1.6527616048327627,0.39675339999999987,0.4167533999999999,3,3,3,3,3,BB
0.4618645,0.1692815,1.471637,1.3793466833189931,1.563927316681007,0.4518645,0.4718645,3,3,3,3,3,BB
0.4650131818181819,0.1819916363636364,1.391408454545455,1.3047802533240982,1.4780366557668119,0.4550131818181819,0.4750131818181819,3,3,3,3,3,BB
0.5366256363636364,0.2083068181818181,1.396654545454545,1.3208546140317747,1.4724544768773151,0.5266256363636364,0.5466256363636364,3,3,3,3,3,BB
0.7169085454545454,0.3084046363636363,1.302194454545454,1.2503283492877664,1.3540605598031417,0.7069085454545454,0.7269085454545454,3,3,3,3,3,BB
0.7199943888888889,0.2380785,1.628205833333333,1.5631965186350492,1.6932151480316167,0.7099943888888889,0.7299943888888889,3,3,3,3,3,BB
0.2224814545454545,0.06784318181818182,1.738079909090909,1.5108439960294255,1.9653158221523923,0.2124814545454545,0.23248145454545452,3,3,3,3,3,BB
0.254853875,0.08895675,1.548586625,1.3729741895652063,1.7241990604347937,0.244853875,0.264853875,3,3,3,3,3,BB
0.40431075,0.14938125,1.46263,1.3577395223786588,1.5675204776213414,0.39431075,0.41431075,3,3,3,3,3,BB
0.30425265,0.1191562,1.3753581,1.2431481273795868,1.507568072620413,0.29425265,0.31425265,3,3,3,3,3,BB
0.4247292692307693,0.155061923076923,1.489121192307692,1.3871712597563126,1.5910711248590712,0.4147292692307693,0.4347292692307693,3,3,3,3,3,BB
0.242373,0.080188,1.621731,1.4272880993073789,1.8161739006926212,0.232373,0.252373,3,3,3,3,3,BB
0.309533,0.1157936,1.4993497,1.363166008441576,1.635533391558424,0.299533,0.319533,3,3,3,3,3,BB
0.376797,0.1083253333333333,1.801831,1.6594375355570845,1.9442244644429154,0.366797,0.386797,3,3,3,3,3,BB
0.4483325294117647,0.1524895294117647,1.594276705882353,1.491824243343833,1.6967291684208732,0.4383325294117647,0.4583325294117647,3,3,3,3,3,BB
0.5959167692307692,0.2625867692307692,1.220883,1.159753445560523,1.282012554439477,0.5859167692307692,0.6059167692307692,3,3,3,3,3,BB
0.2639216842105264,0.08527715789473685,1.658707052631579,1.4729165248176865,1.8444975804454715,0.2539216842105264,0.27392168421052643,3,3,3,3,3,BB
0.174469,0.0623399090909091,1.522120272727273,1.272246789489739,1.771993755964807,0.164469,0.18446900000000002,3,3,3,3,3,BB
0.285818,0.1201108,1.3402323,1.2037417297365374,1.4767228702634627,0.275818,0.295818,3,3,3,3,3,BB
0.3042324285714286,0.1042795714285714,1.567449428571429,1.418050042390387,1.7168488147524712,0.2942324285714286,0.31423242857142863,3,3,3,3,3,BB
0.4806072,0.1986716,1.3108626,1.230630592469424,1.3910946075305761,0.4706072,0.4906072,3,3,3,3,3,BB
0.4263574444444444,0.1677567777777778,1.367678666666666,1.2729985988667332,1.462358734466599,0.4163574444444444,0.4363574444444444,3,3,3,3,3,BB
0.520077,0.199585,1.397885333333333,1.318619072595336,1.47715159407133,0.510077,0.530077,3,3,3,3,3,BB
0.419339,0.1788834285714286,1.262631714285714,1.1734801824328733,1.3517832461385546,0.409339,0.429339,3,3,3,3,3,BB
0.431237,0.163425,1.424153,1.328165057781679,1.520140942218321,0.421237,0.441237,3,3,3,3,3,BB
0.3208172500000001,0.15854625,1.0590555,0.9558412349032299,1.16226976509677,0.3108172500000001,0.3308172500000001,4,4,3,4,3,MDM
0.3184075714285714,0.134714,1.304698571428572,1.18570348494472,1.4236936579124237,0.3084075714285714,0.3284075714285714,3,3,3,3,3,BB
0.1082289166666667,0.04033916666666666,1.4829905,1.0621885418856534,1.9037924581143468,0.09822891666666671,0.1182289166666667,3,4,3,4,3,BB
0.212163,0.09063,1.238801,1.060447942858603,1.417154057141397,0.20216299999999998,0.222163,3,4,3,4,3,BB
0.35987525,0.1441905,1.3733395,1.2624521927729233,1.4842268072270766,0.34987524999999997,0.36987525,3,3,3,3,3,BB
0.289204,0.08882666666666666,1.732044666666667,1.5550374019125954,1.9090519314207384,0.279204,0.299204,3,3,3,3,3,BB
0.4479951304347826,0.1819040869565218,1.427341217391304,1.3400077717199106,1.5146746630626975,0.4379951304347826,0.4579951304347826,3,3,3,3,3,BB
0.504612,0.181458,1.498501,1.4120071283740911,1.584994871625909,0.49461199999999994,0.514612,3,3,3,3,3,BB
0.229077,0.07551103333333331,1.638104966666667,1.4276148745874007,1.8485950587459332,0.219077,0.239077,3,3,3,3,3,BB
0.304206,0.138735,1.149823,1.033613923312798,1.266032076687202,0.29420599999999997,0.314206,3,4,3,4,3,BB
0.3829948333333333,0.1744363333333333,1.210495833333333,1.1162497501738802,1.304741916492786,0.3729948333333333,0.3929948333333333,3,4,3,4,3,BB
0.349618,0.161872,1.127681,1.025815749988556,1.2295462500114438,0.339618,0.359618,4,4,3,4,3,MDM
0.2781608571428572,0.1325422857142857,1.214073357142857,1.0903506042332092,1.3377961100525049,0.2681608571428572,0.2881608571428572,3,4,3,4,3,BB
0.3027300000000001,0.1300625555555555,1.357426333333333,1.2342169177537132,1.4806357489129527,0.2927300000000001,0.3127300000000001,3,3,3,3,3,BB
0.2721594375,0.09098387499999999,1.6156423125,1.442974262730778,1.7883103622692218,0.2621594375,0.2821594375,3,3,3,3,3,BB
0.30359,0.151615,1.018576,0.9091828816279873,1.1279691183720124,0.29359,0.31359000000000004,4,4,4,4,4,MDM
0.4097675,0.1646675,1.343989,1.246531884054605,1.4414461159453953,0.3997675,0.4197675,3,3,3,3,3,BB
0.3308545,0.106332,1.665089,1.5185891899656057,1.8115888100343944,0.3208545,0.3408545,3,3,3,3,3,BB
0.2021465,0.088401375,1.22714725,1.041966439224905,1.412328060775095,0.1921465,0.21214650000000002,3,4,3,4,3,BB
0.2424193,0.08981010000000002,1.4639247,1.2867450046234203,1.6411043953765796,0.2324193,0.2524193,3,3,3,3,3,BB
0.24446,0.08542575,1.5495615,1.3659142846598968,1.7332087153401032,0.23446,0.25446,3,3,3,3,3,BB
0.285382,0.1182935,1.288626,1.1543915069325108,1.4228604930674893,0.275382,0.29538200000000003,3,3,3,3,3,BB
0.357952,0.122929,1.570555,1.4439745812305083,1.6971354187694916,0.347952,0.367952,3,3,3,3,3,BB
0.2273235,0.0953415,1.2749765,1.105790121412021,1.444162878587979,0.2173235,0.23732350000000002,3,4,3,4,3,BB
0.3381,0.133017,1.365256,1.246750633213255,1.483761366786745,0.3281,0.3481,3,3,3,3,3,BB
0.457018,0.16372,1.508024,1.4128514393022704,1.6031965606977296,0.44701799999999997,0.467018,3,3,3,3,3,BB
0.1254752857142857,0.04580357142857143,1.475844285714286,1.1072047229035193,1.8444838485250525,0.11547528571428571,0.13547528571428571,3,4,3,4,3,BB
0.091682,0.03604566666666666,1.360576,0.8599428517645742,1.8612091482354258,0.081682,0.101682,3,4,3,4,3,BB
0.1515256666666666,0.09034249999999999,0.7673484999999999,0.5747108890100536,0.9599861109899461,0.14152566666666658,0.1615256666666666,4,4,4,4,4,MDM
0.1340936666666667,0.06066766666666667,1.148489333333333,0.871633088039858,1.425345578626808,0.1240936666666667,0.1440936666666667,3,4,3,4,3,BB
0.1461282857142857,0.06430042857142856,1.185903714285714,0.9274885042726378,1.4443189242987904,0.1361282857142857,0.15612828571428572,3,4,3,4,3,BB
0.1582679,0.05599430000000001,1.5173013,1.2311823204972383,1.8034202795027616,0.14826789999999998,0.1682679,3,3,3,3,3,BB
0.1685385,0.07128525,1.2668035,1.038352765173816,1.495254234826184,0.1585385,0.17853850000000002,3,4,3,4,3,BB
0.168438,0.06117033333333333,1.495676666666667,1.2332558075155757,1.7580975258177582,0.158438,0.178438,3,3,3,3,3,BB
0.1695115,0.07338975,1.2224275,0.9989790619929466,1.4458759380070534,0.1595115,0.17951150000000002,3,4,3,4,3,BB
0.1488459,0.05367259999999999,1.4933143,1.1857897810659326,1.8008388189340674,0.1388459,0.1588459,3,3,3,3,3,BB
0.16198375,0.072418375,1.216997,0.9944931555501126,1.4395008444498876,0.15198375,0.17198375000000002,3,4,3,4,3,BB
0.105149,0.046785,1.167814,0.8027143019571106,1.5329136980428892,0.09514900000000001,0.115149,3,4,3,4,3,BB
0.1179365,0.039687,1.5959045,1.1681975120948123,2.0236114879051876,0.1079365,0.1279365,3,3,3,3,3,BB
0.1744146666666667,0.0680725,1.3892405,1.1490636426707428,1.6294173573292574,0.16441466666666668,0.1844146666666667,3,3,3,3,3,BB
0.1731975,0.09148675,1.014176,0.8294493411320814,1.1989026588679186,0.1631975,0.1831975,4,4,3,4,3,MDM
0.249355,0.114415,1.139138,0.9974994920169769,1.2807765079830231,0.23935499999999998,0.259355,3,4,3,4,3,BB
0.1831743333333333,0.08722099999999999,1.084567,0.8931331499013144,1.2760008500986857,0.1731743333333333,0.1931743333333333,4,4,3,4,3,MDM
0.09956499999999999,0.03747080000000001,1.433465,,,0.08956499999999999,0.10956499999999998,3,4,4,4,4,BB
0.1203587142857143,0.04401442857142857,1.470584571428571,1.0908257911417176,1.8503433517154244,0.11035871428571431,0.1303587142857143,3,4,3,4,3,BB
0.115447,0.051037,1.198106,0.8695284778508519,1.526683522149148,0.105447,0.125447,3,4,3,4,3,BB
0.0629595,0.022418,1.5328815,,,0.0529595,0.0729595,2,4,4,4,4,MUIBB
0.091216,0.03459433333333333,1.416433333333333,,,0.08121600000000001,0.101216,3,4,4,4,4,BB
0.0733488181818182,0.02818981818181818,1.422649909090909,,,0.0633488181818182,0.08334881818181819,2,4,4,4,4,MUIBB
0.09080492857142856,0.03819078571428571,1.272152285714286,0.8268439572053528,1.7174606142232192,0.08080492857142857,0.10080492857142856,3,4,3,4,3,BB
0.1360494285714286,0.07239157142857143,1.025260142857143,0.7878879050456062,1.2626323806686799,0.1260494285714286,0.1460494285714286,4,4,3,4,3,MDM
0.084795,0.03781566666666667,1.170833333333333,,,0.074795,0.09479499999999999,3,4,4,4,4,BB
0.081947,0.026808,1.628668,,,0.07194700000000001,0.091947,3,4,4,4,4,BB
0.105432,0.038078,1.493304,,,0.095432,0.11543199999999999,3,4,4,4,4,BB
0.14155275,0.0659895,1.117952,0.8640904083657683,1.3718135916342318,0.13155275,0.15155275,4,4,3,4,3,MDM
0.1028525,0.044471,1.21260375,0.827358609590914,1.597848890409086,0.0928525,0.1128525,3,4,3,4,3,BB
0.126412,0.05263,1.276228,0.9586055803283864,1.5938504196716134,0.116412,0.136412,3,4,3,4,3,BB
0.09924800000000002,0.03524275,1.507061166666667,,,0.08924800000000002,0.10924800000000001,3,4,4,4,4,BB
0.099099,0.047654,1.079368,0.7237006459499149,1.4350353540500853,0.08909900000000001,0.109099,4,4,3,4,3,MDM
0.08041221874999999,0.0297354375,1.44679309375,,,0.07041221874999999,0.09041221874999998,3,4,4,4,4,BB
0.09484833333333333,0.03018433333333333,1.670690666666667,,,0.08484833333333333,0.10484833333333332,3,4,4,4,4,BB
0.1347379230769231,0.05558730769230769,1.325302230769231,1.0285550965754007,1.6220493649630614,0.1247379230769231,0.1447379230769231,3,4,3,4,3,BB
0.07156766666666667,0.02217,1.718285666666667,,,0.061567666666666666,0.08156766666666666,2,4,4,4,4,MUIBB
0.09419649999999999,0.030622,1.6220135,,,0.0841965,0.10419649999999998,3,4,4,4,4,BB
0.07001399999999999,0.0249075,1.51073625,,,0.06001399999999999,0.08001399999999999,2,4,4,4,4,MUIBB
0.06743199999999999,0.0229975,1.5592395,,,0.05743199999999999,0.07743199999999999,2,4,4,4,4,MUIBB
0.1131308571428572,0.05585057142857143,1.033145428571429,0.7252266096783406,1.3410642474645174,0.1031308571428572,0.1231308571428572,4,4,3,4,3,MDM
0.06407539999999999,0.0296152,1.1318576,,,0.05407539999999999,0.07407539999999999,2,4,4,4,4,MUIBB
0.2088338,0.1211716,0.811487,0.6714372817747898,0.9515367182252101,0.1988338,0.21883380000000002,4,4,4,4,4,MDM
0.08731100000000001,0.03576366666666667,1.305055666666667,0.8038882845646199,1.806223048768714,0.07731100000000002,0.09731100000000001,3,1,2,4,3,BB
0.05343428571428571,0.02360671428571429,1.243162,,,0.04343428571428571,0.06343428571428571,2,4,4,4,4,MUIBB
0.05540512068965518,0.02636413793103447,1.092725465517242,,,0.04540512068965518,0.06540512068965518,1,4,4,4,4,M
0.08349415384615384,0.04186042307692307,1.032853711538462,0.6147256818767957,1.4509817412001282,0.07349415384615385,0.09349415384615384,4,1,2,4,3,MDM
0.1826483333333333,0.07003737499999999,1.395520083333333,1.1676203003924726,1.6234198662741934,0.1726483333333333,0.1926483333333333,3,3,3,3,3,BB
0.07391800000000001,0.03468928260869565,1.117815934782609,0.5708419805726223,1.6647898889925958,0.06391800000000002,0.083918,1,1,2,4,3,M
0.07651259375000002,0.04077209374999999,0.9210021562499997,0.47064939876843476,1.3713549137315646,0.06651259375000003,0.08651259375000002,1,1,2,4,3,M
0.09768705714285715,0.04677059999999999,1.078456085714286,0.6958362311325877,1.4610759402959843,0.08768705714285716,0.10768705714285715,4,4,3,4,3,MDM
0.07406689473684211,0.03899615789473685,0.9378734736842104,0.4712589107526321,1.4044880366157886,0.06406689473684211,0.0840668947368421,1,1,2,4,3,M
0.06903443750000002,0.035075375,0.9865649062500002,0.43636582237759536,1.536763990122405,0.059034437500000016,0.07903443750000001,1,1,2,1,2,M
0.06535479545454544,0.03003861363636365,1.159879522727272,,,0.055354795454545434,0.07535479545454543,2,4,4,4,4,MUIBB
0.09652620000000002,0.03878976,1.34848276,0.8994585079121409,1.7975070120878591,0.08652620000000003,0.10652620000000002,3,4,3,4,3,BB
0.1264463333333333,0.052785,1.287886166666667,0.9733818506234213,1.6023904827099127,0.1164463333333333,0.1364463333333333,3,4,3,4,3,BB
0.1856790416666667,0.06427712,1.56423432,1.3190246138402824,1.8094440261597176,0.1756790416666667,0.19567904166666672,3,3,3,3,3,BB
0.1021780444444444,0.04217171111111111,1.306615133333333,0.9049169941460747,1.708313272520591,0.0921780444444444,0.11217804444444439,3,4,3,4,3,BB
0.1223352,0.04644246666666666,1.431244511111111,1.0782155614587097,1.7842734607635122,0.11233520000000001,0.13233520000000001,3,4,3,4,3,BB
0.1631282380952381,0.0631812380952381,1.395957261904762,1.1395335903059454,1.6523809335035786,0.1531282380952381,0.1731282380952381,3,3,3,3,3,BB
0.1500618,0.06129726666666666,1.319128266666667,1.0487191403350398,1.5895373929982943,0.1400618,0.1600618,3,4,3,4,3,BB
0.1751067708333333,0.06361252083333335,1.489739020833333,1.2327474605200104,1.7467305811466556,0.16510677083333328,0.1851067708333333,3,3,3,3,3,BB
0.09590034146341463,0.04390729268292683,1.152423097560975,0.7572734056759429,1.5475727894460072,0.08590034146341463,0.10590034146341462,3,4,3,4,3,BB
0.07659965909090909,0.03775609090909092,1.056225477272728,0.586265446360729,1.526185508184727,0.06659965909090909,0.08659965909090908,1,1,2,4,3,M
0.1578664468085107,0.05334765957446808,1.563462872340426,1.2548574604898337,1.8720682841910183,0.1478664468085107,0.1678664468085107,3,3,3,3,3,BB
0.06993093181818182,0.03754084090909091,0.9366027727272727,0.4427150676219459,1.4304904778325995,0.059930931818181814,0.07993093181818181,1,1,2,1,2,M
0.099437,0.04431990476190476,1.198127547619047,0.8198285096556259,1.576426585582468,0.089437,0.10943699999999999,3,4,3,4,3,BB
0.1231935272727272,0.05216047272727271,1.274071654545455,0.9554868094526432,1.5926564996382666,0.1131935272727272,0.1331935272727272,3,4,3,4,3,BB
0.1323848536585366,0.0571001219512195,1.225333951219512,0.9407741839077486,1.5098937185312755,0.12238485365853662,0.14238485365853662,3,4,3,4,3,BB
0.1403040869565217,0.05972330434782608,1.257663043478261,0.9856930278090359,1.529633059147486,0.13030408695652168,0.1503040869565217,3,4,3,4,3,BB
0.1479946875,0.0681471875,1.148497625,0.9039833163743458,1.3930119336256543,0.1379946875,0.1579946875,3,4,3,4,3,BB
0.06277189189189189,0.0324771081081081,0.980249243243243,,,0.05277189189189189,0.07277189189189189,1,4,4,4,4,M
0.05521614814814816,0.02977842592592592,0.9337040370370372,,,0.04521614814814816,0.06521614814814816,1,4,4,4,4,M
0.1321452647058823,0.05366955882352942,1.317925176470588,1.0068904483197687,1.6289599046214072,0.12214526470588231,0.14214526470588232,3,4,3,4,3,BB
0.09093159375000004,0.0441054375,1.07498365625,0.6742252865797096,1.4757420259202902,0.08093159375000004,0.10093159375000003,4,4,3,4,3,MDM
0.09108326666666668,0.04590036666666666,1.022461266666667,0.6467675365241315,1.3981549968092026,0.08108326666666668,0.10108326666666667,4,4,3,4,3,MDM
0.1204144102564103,0.04974123076923078,1.299421974358974,0.9671702609726691,1.631673687745279,0.1104144102564103,0.1304144102564103,3,4,3,4,3,BB
0.1111763888888889,0.05173366666666668,1.119417055555556,0.7959435733774203,1.4428905377336918,0.1011763888888889,0.12117638888888889,4,4,3,4,3,MDM
0.1153803333333333,0.05509673333333334,1.0361346,0.7360697974663943,1.3361994025336057,0.1053803333333333,0.1253803333333333,4,4,3,4,3,MDM
0.1454904651162791,0.05023309302325582,1.560251418604651,1.2380458843355766,1.8824569528737254,0.1354904651162791,0.15549046511627912,3,3,3,3,3,BB
0.1694738648648648,0.05988562162162163,1.510429486486486,1.2441505395334158,1.7767084334395562,0.15947386486486478,0.1794738648648648,3,3,3,3,3,BB
0.2333422,0.0826866,1.5241678,1.3315965393074791,1.716739060692521,0.2233422,0.2433422,3,3,3,3,3,BB
0.3066493750000001,0.08851384375,1.805008125,1.6314280376176662,1.978588212382334,0.2966493750000001,0.3166493750000001,3,3,3,3,3,BB
0.1648139166666667,0.0576791388888889,1.549514138888889,1.2685210924763353,1.8305071853014425,0.1548139166666667,0.1748139166666667,3,3,3,3,3,BB
0.2622837419354839,0.09986199999999999,1.419545064516129,1.258885980545406,1.5802041484868519,0.2522837419354839,0.27228374193548394,3,3,3,3,3,BB
0.2046538,0.0736821,1.4547336,1.2412213160489816,1.6682458839510184,0.1946538,0.2146538,3,3,3,3,3,BB
0.2045308292682927,0.0798820975609756,1.380554731707317,1.1792499648610129,1.5818594985536212,0.19453082926829268,0.2145308292682927,3,3,3,3,3,BB
0.1978795161290322,0.08269062499999998,1.27552484375,1.0791917341671264,1.4718579533328735,0.1878795161290322,0.20787951612903222,3,4,3,4,3,BB
0.09367974999999999,0.05806709999999998,0.6947346000000001,0.3881561348603236,1.0013130651396767,0.08367975,0.10367974999999999,4,4,4,4,4,MDM
0.1310273,0.06321036666666667,1.0678118,0.8046432336690554,1.3309803663309447,0.12102730000000002,0.14102730000000002,4,4,3,4,3,MDM
0.2156100952380952,0.08342566666666669,1.400622785714286,1.2075169264544905,1.5937286449740813,0.2056100952380952,0.22561009523809522,3,3,3,3,3,BB
0.1652351052631578,0.06584255263157894,1.356368157894737,1.1120740730721668,1.6006622427173074,0.15523510526315779,0.1752351052631578,3,4,3,4,3,BB
0.1041430454545454,0.04781902272727272,1.137075590909091,0.7815805428409606,1.4925706389772215,0.09414304545454541,0.1141430454545454,3,4,3,4,3,BB
0.1091896571428572,0.0460438,1.270511342857143,0.9046100907053276,1.6364125950089585,0.0991896571428572,0.11918965714285719,3,4,3,4,3,BB
0.1770211627906977,0.0588633488372093,1.622587325581395,1.3526830098552827,1.8924916413075072,0.1670211627906977,0.18702116279069772,3,3,3,3,3,BB
0.2801445555555556,0.1123000555555556,1.344937555555556,1.2017689632545623,1.4881061478565498,0.2701445555555556,0.2901445555555556,3,3,3,3,3,BB
0.2479514166666667,0.09374852777777781,1.41907375,1.2489864040408678,1.589161095959132,0.2379514166666667,0.2579514166666667,3,3,3,3,3,BB
0.27231275,0.122737625,1.160714875,1.0274974064261924,1.2939323435738077,0.26231275,0.28231275,3,4,3,4,3,BB
0.18208085,0.08585435,1.10425065,0.9137140524937439,1.294787247506256,0.17208084999999998,0.19208085,4,4,3,4,3,MDM
0.429814551724138,0.1683270344827586,1.458995310344828,1.364229732112446,1.5537608885772103,0.419814551724138,0.439814551724138,3,3,3,3,3,BB
0.3937744999999999,0.1158741538461538,1.80021,1.667405295972875,1.9330147040271253,0.3837744999999999,0.4037744999999999,3,3,3,3,3,BB
0.3873954999999999,0.13749875,1.523728208333334,1.4104584642788296,1.6369979523878386,0.3773954999999999,0.3973954999999999,3,3,3,3,3,BB
0.5238070294117647,0.1578338529411764,1.75383044117647,1.6562060547674402,1.8514548275854998,0.5138070294117647,0.5338070294117647,3,3,3,3,3,BB
0.7065903684210527,0.2157654210526316,1.736991631578948,1.6644302777822715,1.8095529853756245,0.6965903684210527,0.7165903684210527,3,3,3,3,3,BB
0.6122424999999999,0.2243631666666667,1.482403583333333,1.412772017630781,1.5520351490358852,0.6022424999999999,0.6222424999999999,3,3,3,3,3,BB
0.502955,0.1754186666666667,1.544726,1.456164128148121,1.633287871851879,0.49295500000000003,0.512955,3,3,3,3,3,BB
0.4197371481481482,0.1459861111111111,1.548358037037037,1.4416092294286416,1.6551068446454322,0.4097371481481482,0.42973714814814823,3,3,3,3,3,BB
0.7134488181818182,0.2238274090909091,1.694377045454546,1.625691292467595,1.7630627984414968,0.7034488181818181,0.7234488181818182,3,3,3,3,3,BB
0.5780697619047619,0.1703368333333333,1.782798,1.6930206785814015,1.8725753214185987,0.5680697619047619,0.5880697619047619,3,3,3,3,3,BB
0.7165635357142855,0.1973034285714286,1.896069321428572,1.8184278541148908,1.9737107887422531,0.7065635357142855,0.7265635357142856,3,3,3,3,3,BB
1.017022678571429,0.284409,1.8733121,1.8197568643654756,1.9268673356345243,1.007022678571429,1.027022678571429,3,3,3,3,3,BB
0.6643202499999998,0.1963135,1.7866284375,1.7071372767900381,1.866119598209962,0.6543202499999998,0.6743202499999998,3,3,3,3,3,BB
0.6797208181818181,0.1877736818181819,1.882740954545455,1.8012497370776055,1.9642321720133045,0.6697208181818181,0.6897208181818181,3,3,3,3,3,BB
0.8138217333333332,0.2100736333333333,1.987198666666667,1.914117542758561,2.0602797905747727,0.8038217333333332,0.8238217333333332,3,3,3,3,3,BB
0.739236,0.2078367777777778,1.855340111111111,1.781373254997806,1.9293069672244159,0.729236,0.749236,3,3,3,3,3,BB
0.6562512758620692,0.2119354827586207,1.65818375862069,1.5842370304541307,1.7321304867872493,0.6462512758620692,0.6662512758620692,3,3,3,3,3,BB
0.6807234999999999,0.25641875,1.43472975,1.373006787676723,1.4964527123232771,0.6707234999999999,0.6907234999999999,3,3,3,3,3,BB
0.5871342380952381,0.1923489523809524,1.630411190476191,1.5501615956827017,1.7106607852696805,0.5771342380952381,0.5971342380952381,3,3,3,3,3,BB
0.301283,0.1231968,1.3157656,1.1871276540778064,1.4444035459221936,0.291283,0.31128300000000003,3,3,3,3,3,BB
0.4209901153846154,0.1432525769230769,1.5823990000000001,1.4742348847509832,1.690563115249017,0.4109901153846154,0.4309901153846154,3,3,3,3,3,BB
1.185759827586207,0.3063762333333334,1.9930601,1.9436093104841048,2.042510889515895,1.175759827586207,1.195759827586207,3,3,3,3,3,BB
0.8314321463414635,0.2239836829268292,1.919198512195122,1.850403408415805,1.9879936159744391,0.8214321463414634,0.8414321463414635,3,3,3,3,3,BB
0.9056314761904763,0.2423565909090909,1.934455,1.870252356886821,1.998657643113179,0.8956314761904763,0.9156314761904764,3,3,3,3,3,BB
0.8827470499999999,0.2417405,1.8990966,1.8361824221290473,1.9620107778709528,0.8727470499999999,0.8927470499999999,3,3,3,3,3,BB
0.7102364516129032,0.2016578387096774,1.834248774193548,1.7586324377203213,1.9098651106667748,0.7002364516129032,0.7202364516129032,3,3,3,3,3,BB
1.584749833333333,0.4190681923076923,1.926638884615385,1.8898084530718986,1.9634693161588714,1.574749833333333,1.594749833333333,3,3,3,3,3,BB
1.663296714285714,0.4638569999999999,1.863657266666667,1.8305612807751164,1.8967532525582178,1.653296714285714,1.673296714285714,3,3,3,3,3,BB
1.20231775,0.3737694545454545,1.811080409090909,1.7699821239426379,1.85217869423918,1.19231775,1.21231775,3,3,3,3,3,BB
0.8508945454545455,0.2534611818181818,1.774300636363636,1.713913615001261,1.834687657726011,0.8408945454545455,0.8608945454545455,3,3,3,3,3,BB
0.7221673333333333,0.3211756666666667,1.216333666666667,1.1661372771794747,1.2665300561538595,0.7121673333333333,0.7321673333333333,3,3,3,3,3,BB
0.3033609393939395,0.1029621515151515,1.589248696969697,1.4360047418440605,1.7424926520953337,0.2933609393939395,0.3133609393939395,3,3,3,3,3,BB
0.3662165277777779,0.1299273888888889,1.539290055555555,1.4174677891409917,1.6611123219701185,0.3562165277777779,0.3762165277777779,3,3,3,3,3,BB
0.788556,0.2396066666666667,1.7461082,1.6821240307651908,1.8100923692348094,0.778556,0.798556,3,3,3,3,3,BB
0.8720602727272727,0.2675065454545454,1.726640272727272,1.6692830079836778,1.7839975374708663,0.8620602727272727,0.8820602727272727,3,3,3,3,3,BB
0.6401064999999999,0.2890135,1.1684975,1.1127965602776841,1.2241984397223158,0.6301064999999999,0.6501064999999999,3,4,3,4,3,BB
0.490495,0.1446907826086956,1.793085869565218,1.6873864576967206,1.8987852814337156,0.480495,0.500495,3,3,3,3,3,BB
0.4761021,0.1399661,1.7976532,1.687327642859837,1.9079787571401632,0.46610209999999996,0.4861021,3,3,3,3,3,BB
0.4702956428571428,0.1368170357142857,1.811272714285714,1.6996131035016278,1.9229323250698,0.4602956428571428,0.4802956428571428,3,3,3,3,3,BB
0.586356,0.243793,1.3986745,1.3328491636778852,1.464499836322115,0.576356,0.596356,3,3,3,3,3,BB
0.4297905,0.1357795,1.6970335,1.5813491851153902,1.81271781488461,0.4197905,0.43979050000000003,3,3,3,3,3,BB
0.2086998461538461,0.08055561538461539,1.405202423076923,1.2085186449817606,1.6018862011720851,0.1986998461538461,0.2186998461538461,3,3,3,3,3,BB
0.4505490000000001,0.201119375,1.204736625,1.124863993041319,1.2846092569586811,0.4405490000000001,0.4605490000000001,3,4,3,4,3,BB
0.1295316842105263,0.05092131578947369,1.363395368421053,1.0452989321960307,1.6814918046460752,0.1195316842105263,0.1395316842105263,3,4,3,4,3,BB
0.241471,0.08317699999999999,1.569836076923077,1.3822760045426234,1.7573961493035306,0.23147099999999998,0.251471,3,3,3,3,3,BB
0.2014625,0.07989650000000001,1.3747165,1.175708556404515,1.5737244435954847,0.19146249999999998,0.2114625,3,3,3,3,3,BB
0.2018273333333333,0.08626400000000001,1.306833666666667,1.1213778136317036,1.4922895197016302,0.1918273333333333,0.2118273333333333,3,4,3,4,3,BB
0.1901255,0.06466907142857144,1.590906928571428,1.3444861738709668,1.837327683271889,0.1801255,0.2001255,3,3,3,3,3,BB
0.3114975625,0.155866625,1.2374275,1.1315634065087836,1.3432915934912162,0.3014975625,0.3214975625,3,3,3,3,3,BB
0.2844064000000001,0.1208178,1.2637444,1.130731065197205,1.396757734802795,0.2744064000000001,0.2944064000000001,3,3,3,3,3,BB
0.321101,0.1329358,1.3220301,1.1989678820504668,1.4450923179495334,0.311101,0.33110100000000003,3,3,3,3,3,BB
0.4754121176470588,0.189468,1.392293764705882,1.3087667168646666,1.4758208125470973,0.4654121176470588,0.4854121176470588,3,3,3,3,3,BB
0.429011090909091,0.1499462727272727,1.545799363636363,1.442108298850318,1.649490428422408,0.419011090909091,0.439011090909091,3,3,3,3,3,BB
0.3743544,0.11776059999999999,1.7011836,1.569119811751448,1.833247388248552,0.36435439999999997,0.3843544,3,3,3,3,3,BB
0.5106468333333333,0.1615795,1.6913055,1.5957075183087936,1.7869034816912062,0.5006468333333333,0.5206468333333333,3,3,3,3,3,BB
0.4553238181818182,0.1511800909090909,1.613651181818182,1.5110068907767553,1.7162954728596087,0.4453238181818182,0.4653238181818182,3,3,3,3,3,BB
0.298079,0.104122,1.552558,1.4004227799556466,1.7046932200443536,0.288079,0.308079,3,3,3,3,3,BB
0.2975358571428571,0.1402217142857143,1.144337571428572,1.0264471363099925,1.2622280065471514,0.28753585714285707,0.3075358571428571,3,4,3,4,3,BB
0.3758275,0.173778,1.136147,1.042364108205238,1.229929891794762,0.36582749999999997,0.3858275,3,4,3,4,3,BB
0.2115846666666666,0.1117969166666666,1.10997725,0.961578003963557,1.2583764960364432,0.20158466666666658,0.2215846666666666,4,4,3,4,3,MDM
0.2135718571428571,0.09983485714285714,1.231862142857143,1.0683747895777793,1.3953494961365067,0.20357185714285708,0.2235718571428571,3,4,3,4,3,BB
0.2253506,0.08621176,1.46366268,1.2753531572634407,1.6519722027365595,0.2153506,0.23535060000000002,3,3,3,3,3,BB
0.320448375,0.1721545625,1.2521818125,1.1551687916713382,1.3491948333286616,0.310448375,0.330448375,3,3,3,3,3,BB
0.3392659047619048,0.1165827619047619,1.573511047619047,1.4392776638309523,1.7077444314071417,0.3292659047619048,0.34926590476190483,3,3,3,3,3,BB
0.281893,0.1008741666666667,1.553164833333333,1.3967851124088058,1.7095445542578602,0.271893,0.291893,3,3,3,3,3,BB
0.2436985714285715,0.08353857142857143,1.577723714285714,1.3905623748683118,1.764885053703116,0.23369857142857148,0.2536985714285715,3,3,3,3,3,BB
0.5344805,0.216572125,1.36369125,1.2896650511089542,1.4377174488910458,0.5244805,0.5444805,3,3,3,3,3,BB
0.4722757142857143,0.1533417142857143,1.658153714285714,1.556204778706942,1.7601026498644858,0.4622757142857143,0.4822757142857143,3,3,3,3,3,BB
0.227144875,0.0737295,1.653436666666667,1.438532782305147,1.8683405510281872,0.217144875,0.237144875,3,3,3,3,3,BB
0.4224561000000001,0.12740045,1.7607178,1.6404566387847324,1.8809789612152679,0.4124561000000001,0.4324561000000001,3,3,3,3,3,BB
0.3939492727272728,0.1690272727272727,1.421788545454545,1.327175689708729,1.5164014012003608,0.3839492727272728,0.4039492727272728,3,3,3,3,3,BB
0.2740066666666667,0.09411933333333335,1.577620333333333,1.4084148312533171,1.7468258354133488,0.26400666666666667,0.2840066666666667,3,3,3,3,3,BB
0.2064535,0.0751967857142857,1.516668,1.3038939070755522,1.7294420929244476,0.1964535,0.21645350000000002,3,3,3,3,3,BB
0.1862122857142857,0.06460228571428571,1.568034142857143,1.3224787711771766,1.8135895145371093,0.17621228571428568,0.1962122857142857,3,3,3,3,3,BB
0.241638,0.082648,1.5828825,1.3918317254437973,1.7739332745562026,0.23163799999999998,0.251638,3,3,3,3,3,BB
0.2902214117647059,0.1399068823529412,1.078375588235294,0.9615417882323058,1.195209388238282,0.2802214117647059,0.3002214117647059,4,4,3,4,3,MDM
0.219103,0.100942,1.151514,0.9910381124667014,1.3119898875332985,0.20910299999999998,0.229103,3,4,3,4,3,BB
0.10506625,0.0464955,1.2135125,0.847260547124722,1.5797644528752781,0.09506625,0.11506625,3,4,3,4,3,BB
0.113566380952381,0.04858580952380952,1.261731809523809,0.9180495183480792,1.6054141006995388,0.10356638095238101,0.123566380952381,3,4,3,4,3,BB
0.1068584,0.044592125,1.3242215625,0.9484565503001605,1.6999865746998395,0.09685840000000001,0.1168584,3,4,3,4,3,BB
0.06643291666666666,0.03715008333333333,0.9108645833333333,,,0.05643291666666666,0.07643291666666666,1,4,4,4,4,M
0.1876890000000001,0.06487373913043477,1.558322608695652,1.312343391411303,1.8043018259800012,0.1776890000000001,0.19768900000000011,3,3,3,3,3,BB
0.2867791111111111,0.1068087777777778,1.457033333333333,1.3056614908580728,1.608405175808593,0.2767791111111111,0.2967791111111111,3,3,3,3,3,BB
0.5953856666666667,0.2061313333333333,1.552894333333333,1.476954871192936,1.62883379547373,0.5853856666666667,0.6053856666666667,3,3,3,3,3,BB
0.3301948571428571,0.1300341428571429,1.374152857142857,1.252913172575853,1.4953925417098608,0.3201948571428571,0.34019485714285713,3,3,3,3,3,BB
0.150992,0.06489333333333334,1.262355666666667,1.0086785406811505,1.5160327926521837,0.14099199999999998,0.160992,3,4,3,4,3,BB
0.116243,0.04532933333333333,1.406563666666667,1.0339721078730735,1.7791552254602605,0.106243,0.126243,3,4,3,4,3,BB
0.142270375,0.07110587500000001,1.05954325,0.8275840355248407,1.2915024644751592,0.132270375,0.152270375,4,4,3,4,3,MDM
0.112743,0.04201233333333334,1.483540333333333,1.0795798416212925,1.8875008250453735,0.102743,0.12274299999999999,3,4,3,4,3,BB
0.1072766666666667,0.04293466666666667,1.369923666666667,0.9807082219038127,1.7591391114295214,0.0972766666666667,0.1172766666666667,3,4,3,4,3,BB
0.1322625555555555,0.05082566666666667,1.425548444444444,1.0957394757468812,1.7553574131420067,0.1222625555555555,0.1422625555555555,3,4,3,4,3,BB
0.190073,0.08172,1.251229,1.0547796675587375,1.4476783324412623,0.18007299999999998,0.200073,3,4,3,4,3,BB
0.1240424615384615,0.05959107692307692,1.085720153846154,0.8084192586860284,1.3630210490062797,0.11404246153846151,0.1340424615384615,4,4,3,4,3,MDM
0.1655703333333333,0.06960166666666667,1.285621666666667,1.0562240663674765,1.5150192669658578,0.15557033333333328,0.1755703333333333,3,4,3,4,3,BB
0.1632556666666667,0.06792633333333332,1.299373,1.0590298382284704,1.5397161617715294,0.15325566666666668,0.1732556666666667,3,4,3,4,3,BB
0.1502908125,0.0709289375,1.1257146875,0.8924368728476308,1.358992502152369,0.1402908125,0.16029081250000002,4,4,3,4,3,MDM
0.1172570833333333,0.05183000000000001,1.221026666666666,0.8930321261251826,1.5490212072081495,0.10725708333333331,0.1272570833333333,3,4,3,4,3,BB
0.1125451666666667,0.05951133333333334,1.019171666666667,0.7306223920567465,1.3077209412765876,0.1025451666666667,0.12254516666666669,4,4,3,4,3,MDM
0.1374781111111111,0.06485422222222222,1.134450666666667,0.8764265183761644,1.3924748149571695,0.1274781111111111,0.14747811111111112,3,4,3,4,3,BB
0.074478,0.04323766666666667,0.8360295,0.41898994825216923,1.2530690517478307,0.06447800000000001,0.084478,1,1,2,4,3,M
0.08015811111111111,0.05764888888888889,0.5712808888888888,0.2479928721510669,0.8945689056267108,0.07015811111111112,0.0901581111111111,4,1,1,4,4,MDM
0.03300109090909091,0.01898763636363636,0.8931493636363634,,,0.02300109090909091,0.04300109090909091,1,4,4,4,4,M
0.1038494545454545,0.079574,0.4002806363636364,0.16091535789852474,0.6396459148287481,0.0938494545454545,0.11384945454545449,4,4,4,4,4,MDM
0.091715,0.04694,1.019737,0.644343160471762,1.3951308395282378,0.08171500000000001,0.101715,4,4,3,4,3,MDM
0.08263,0.04175607142857143,1.055478142857143,0.632413364625464,1.4785429210888217,0.07263,0.09262999999999999,4,1,2,4,3,MDM
0.08570099999999999,0.03675533333333333,1.259154666666667,,,0.07570099999999999,0.09570099999999998,3,4,4,4,4,BB
0.1132565,0.0489055,1.2385215,0.898171382936582,1.578871617063418,0.1032565,0.12325649999999999,3,4,3,4,3,BB
0.077708,0.031329,1.371275,,,0.067708,0.087708,2,4,4,4,4,MUIBB
0.20863,0.092948,1.196185,1.0187975925608377,1.3735724074391624,0.19863,0.21863000000000002,3,4,3,4,3,BB
0.1639478461538462,0.07983430769230769,1.064632153846154,0.8564708679486894,1.2727934397436187,0.15394784615384619,0.1739478461538462,4,4,3,4,3,MDM
0.278981,0.130078,1.1187975,0.9912330239347673,1.2463619760652325,0.26898099999999997,0.288981,4,4,3,4,3,MDM
0.2482386666666666,0.1120476666666667,1.184788,1.041150858974619,1.328425141025381,0.2382386666666666,0.2582386666666666,3,4,3,4,3,BB
0.178976,0.1195992222222222,0.6235642222222222,0.4760503580135611,0.7710780864308833,0.168976,0.188976,4,4,4,4,4,MDM
0.099946,0.047172,1.124722,0.7645832129921755,1.4848607870078245,0.089946,0.10994599999999999,4,4,3,4,3,MDM
0.1461179,0.0718092,1.0597766,0.8228708355393807,1.2966823644606191,0.1361179,0.1561179,4,4,3,4,3,MDM
0.159123,0.07453950000000001,1.129348,0.9028951006102477,1.3558008993897523,0.14912299999999998,0.169123,4,4,3,4,3,MDM
0.09229317391304345,0.06355578260869564,0.6085057826086956,0.3209797934129069,0.8960317718044843,0.08229317391304346,0.10229317391304345,4,4,4,4,4,MDM
0.1178819090909091,0.06350718181818182,0.9500822727272727,0.6787570861212786,1.2214074593332669,0.10788190909090911,0.1278819090909091,4,4,3,4,3,MDM
0.088037,0.038158,1.254858,0.7905098158233588,1.7192061841766413,0.07803700000000001,0.098037,3,1,2,4,3,BB
0.1205035555555556,0.05714166666666667,1.112683444444444,0.8161955514584683,1.4091713374304198,0.1105035555555556,0.1305035555555556,4,4,3,4,3,MDM
0.111657,0.066445,0.7870951,0.5241607557423706,1.0500294442576295,0.10165700000000001,0.121657,4,4,4,4,4,MDM
0.075628,0.033111,1.240926,0.6848917333254606,1.7969602666745392,0.065628,0.085628,2,1,2,4,3,MUIBB
0.09596747368421053,0.04247115789473684,1.212208210526316,0.7976404670778903,1.626775953974742,0.08596747368421054,0.10596747368421053,3,4,3,4,3,BB
0.128325,0.051185,1.356433,1.0257419775553303,1.6871240224446697,0.118325,0.138325,3,4,3,4,3,BB
0.0877085,0.0371495,1.283185,0.8016113788294011,1.764758621170599,0.0777085,0.09770849999999999,3,1,2,4,3,BB
0.07778739999999998,0.03385439999999999,1.2625124,0.7200705674729088,1.8049542325270913,0.06778739999999998,0.08778739999999997,2,1,2,4,3,MUIBB
0.1260195909090909,0.07588486363636363,0.7877085909090908,0.5594993377186468,1.015917844099535,0.1160195909090909,0.1360195909090909,4,4,4,4,4,MDM
0.040985,0.021107,1.047064,,,0.030985,0.050985,1,4,4,4,4,M
0.0732235,0.0355075,1.088691,,,0.0632235,0.08322349999999999,1,4,4,4,4,M
0.040067,0.019003,1.179118,,,0.030066999999999997,0.050067,2,4,4,4,4,MUIBB
0.03175622222222222,0.01672888888888889,1.032901666666667,,,0.02175622222222222,0.04175622222222222,1,4,4,4,4,M
0.082258,0.039964,1.095739,0.6524983575329613,1.5389796424670388,0.072258,0.09225799999999999,4,1,2,4,3,MDM
0.05154042857142858,0.02558271428571428,1.107509285714286,,,0.041540428571428575,0.06154042857142858,1,4,4,4,4,M
0.086566,0.036757,1.296253,0.8192342770510728,1.7732717229489274,0.07656600000000001,0.096566,3,1,2,4,3,BB
0.06157757142857142,0.04167828571428572,0.6070358571428571,0.1523630999693656,1.0617086143163488,0.05157757142857142,0.07157757142857142,1,1,1,1,1,M
0.06431433333333335,0.0297345,1.1647895,,,0.054314333333333346,0.07431433333333334,2,4,4,4,4,MUIBB
0.05946262499999999,0.03183975,1.0479266875,,,0.04946262499999999,0.06946262499999999,1,4,4,4,4,M
0.07929488888888889,0.03286552631578948,1.343685210526316,,,0.06929488888888889,0.08929488888888888,2,4,4,4,4,MUIBB
0.08075985714285715,0.04733857142857143,0.9862361428571429,0.599881188788701,1.3725910969255848,0.07075985714285715,0.09075985714285714,4,1,2,4,3,MDM
0.105485,0.050626,1.107577,0.7698526292519744,1.4453013707480258,0.095485,0.11548499999999999,4,4,3,4,3,MDM
0.129596,0.055394,1.266116,0.9625319517005677,1.5697000482994323,0.119596,0.139596,3,4,3,4,3,BB
0.06867799999999999,0.031552,1.179667714285715,,,0.05867799999999999,0.07867799999999998,2,4,4,4,4,MUIBB
0.05973766666666667,0.028576,1.118869,,,0.049737666666666666,0.06973766666666667,1,4,4,4,4,M
0.0540513,0.0331476,0.7497186,,,0.044051299999999995,0.06405129999999999,1,4,4,4,4,M
0.080412,0.03977216666666667,1.069939166666667,,,0.070412,0.09041199999999999,4,4,4,4,4,MDM
0.0635535,0.029760375,1.151500125,,,0.0535535,0.0735535,2,4,4,4,4,MUIBB
0.07993291666666667,0.04748716666666666,0.8508303333333331,0.4727397097492048,1.2289209569174615,0.06993291666666668,0.08993291666666667,1,1,2,4,3,M
0.10353875,0.07717041666666667,0.4506124166666666,0.21128116048855908,0.6899436728447742,0.09353875,0.11353875,4,4,4,4,4,MDM
0.05495319999999999,0.0249459,1.2186813,,,0.044953199999999985,0.06495319999999999,2,4,4,4,4,MUIBB
0.05714514285714285,0.04634742857142858,0.3462844285714285,0.0,0.7750005265689563,0.04714514285714285,0.06714514285714285,1,1,1,1,1,M
0.05967712499999999,0.05431662500000001,0.281453125,0.0,0.6526553574752307,0.04967712499999999,0.06967712499999999,1,1,1,1,1,M
0.04431599999999999,0.0210255,1.1502785,,,0.034315999999999985,0.05431599999999999,2,4,4,4,4,MUIBB
0.02954229411764706,0.01734070588235294,0.868416705882353,,,0.01954229411764706,0.03954229411764706,1,4,4,4,4,M
0.07901816666666668,0.06322429166666668,0.3943588749999999,0.0923505915707104,0.6963671584292894,0.06901816666666669,0.08901816666666668,1,1,1,4,4,M
0.079948,0.030333,1.454158,,,0.06994800000000001,0.089948,2,4,4,4,4,MUIBB
0.0622834,0.0371366,0.8873580999999999,0.38088289658293084,1.3938333034170691,0.0522834,0.0722834,1,1,2,1,2,M
0.0712295,0.03924525,1.0297995,0.5611248190748073,1.4984741809251927,0.0612295,0.0812295,1,1,2,4,3,M
0.059619875,0.028851625,1.10876725,,,0.049619875,0.069619875,1,4,4,4,4,M
0.06803963829787235,0.03249312765957447,1.12366285106383,,,0.05803963829787235,0.07803963829787235,1,4,4,4,4,M
0.0645354705882353,0.04219158823529412,0.6862914117647059,0.23917830891028063,1.1334045146191312,0.0545354705882353,0.0745354705882353,1,1,2,1,2,M
0.101466,0.049674,1.073988,0.724235056913396,1.423740943086604,0.091466,0.111466,4,4,3,4,3,MDM
0.06569105555555557,0.031027,1.133127,,,0.05569105555555557,0.07569105555555557,2,4,4,4,4,MUIBB
0.05871582142857142,0.03237725,0.9786355357142861,,,0.04871582142857142,0.06871582142857142,1,4,4,4,4,M
0.08880615789473685,0.04978873684210525,1.057628736842105,0.7040058198228806,1.4112516538613291,0.07880615789473686,0.09880615789473685,4,1,2,4,3,MDM
0.0872565,0.038406,1.22719,0.7570463208844456,1.6973336791155544,0.0772565,0.0972565,3,1,2,4,3,BB
0.172152,0.072712,1.280183,1.0573528351622958,1.5030131648377043,0.162152,0.182152,3,4,3,4,3,BB
0.097491,0.044741,1.162429,0.7828098573078899,1.54204814269211,0.087491,0.10749099999999999,3,4,3,4,3,BB
0.0945675,0.03535205,1.470269175000001,0.9642029892874632,1.9763353607125387,0.0845675,0.1045675,3,4,3,4,3,BB
0.1027523333333333,0.04935547619047619,1.182945857142857,0.8352866331081055,1.5306050811776086,0.09275233333333331,0.1127523333333333,3,4,3,4,3,BB
0.05556579999999999,0.02799836,1.06325516,,,0.04556579999999999,0.0655658,1,4,4,4,4,M
0.09238788235294118,0.06896276470588235,0.5419628823529413,0.2687737925177838,0.8151519721880989,0.08238788235294119,0.10238788235294118,4,4,4,4,4,MDM
0.1470791333333333,0.06302182352941176,1.273269882352941,1.011222429115968,1.535317335589914,0.1370791333333333,0.15707913333333332,3,4,3,4,3,BB
0.1156386470588235,0.04008076470588235,1.577578705882353,1.1546089322864215,2.0005484794782844,0.1056386470588235,0.1256386470588235,3,3,3,3,3,BB
0.08868408333333333,0.03002358333333334,1.628577916666666,,,0.07868408333333334,0.09868408333333333,3,4,4,4,4,BB
0.07867430434782607,0.03065173913043478,1.427151086956521,,,0.06867430434782608,0.08867430434782607,2,4,4,4,4,MUIBB
0.08886666666666666,0.042914,1.10369,0.6985044255101852,1.508875574489815,0.07886666666666667,0.09886666666666666,4,1,2,4,3,MDM
0.09846833333333334,0.04336466666666667,1.237175666666667,0.8494583566444747,1.6248929766888591,0.08846833333333334,0.10846833333333333,3,4,3,4,3,BB
0.06249399999999999,0.02859014285714286,1.192867142857143,,,0.052493999999999985,0.07249399999999999,2,4,4,4,4,MUIBB
0.04361294117647059,0.02233194117647059,1.038643823529412,,,0.03361294117647059,0.05361294117647059,1,4,4,4,4,M
0.06621410000000001,0.03151250000000001,1.1225549,,,0.05621410000000001,0.0762141,1,4,4,4,4,M
0.08700291666666665,0.04046408333333332,1.160185,0.7276565652239608,1.5927134347760392,0.07700291666666666,0.09700291666666665,3,1,2,4,3,BB
0.07619086666666666,0.03247066666666666,1.2796206,,,0.06619086666666667,0.08619086666666666,2,4,4,4,4,MUIBB
0.1004866,0.0491876,1.068928,0.7184182726321495,1.4194377273678507,0.0904866,0.11048659999999999,4,4,3,4,3,MDM
0.1385337777777778,0.08323111111111113,0.7910934444444443,0.5796483140184148,1.0025385748704738,0.1285337777777778,0.14853377777777782,4,4,4,4,4,MDM
0.07322685714285715,0.03241064285714285,1.223003571428572,,,0.06322685714285715,0.08322685714285714,2,4,4,4,4,MUIBB
0.08161224999999998,0.04393537499999999,0.9268558749999999,0.5218090038763621,1.3319027461236377,0.07161224999999999,0.09161224999999998,4,1,2,4,3,MDM
0.114728,0.050195,1.240119,0.9046714991005542,1.5755665008994457,0.104728,0.12472799999999999,3,4,3,4,3,BB
0.07377216666666665,0.03666233333333333,1.057087,,,0.06377216666666666,0.08377216666666665,1,4,4,4,4,M
0.090334,0.042724,1.116213,0.7100648822255566,1.5223611177744432,0.080334,0.10033399999999999,4,4,3,4,3,MDM
0.078181,0.032323,1.318161,,,0.068181,0.088181,2,4,4,4,4,MUIBB
0.315092,0.098196,1.711667,1.5532218049542892,1.870112195045711,0.305092,0.325092,3,3,3,3,3,BB
0.122363,0.054853,1.189858,0.8863918396917901,1.4933241603082101,0.112363,0.132363,3,4,3,4,3,BB
0.7320642962962962,0.2181886666666667,1.773800888888888,1.702679865312954,1.8449219124648222,0.7220642962962962,0.7420642962962962,3,3,3,3,3,BB
0.6801644375000001,0.20068159375,1.786258718750001,1.7095196459005413,1.8629977915994607,0.6701644375000001,0.6901644375000001,3,3,3,3,3,BB
0.5552840000000001,0.2078088571428571,1.477740357142857,1.4023560798962351,1.5531246343894787,0.5452840000000001,0.5652840000000001,3,3,3,3,3,BB
0.4987405945945947,0.170626081081081,1.595147432432432,1.504285023326547,1.686009841538317,0.4887405945945947,0.5087405945945946,3,3,3,3,3,BB
0.3563312857142857,0.1190353333333333,1.597043,1.4661547787000377,1.7279312212999622,0.3463312857142857,0.3663312857142857,3,3,3,3,3,BB
0.5385542903225804,0.1622347741935484,1.759879709677419,1.6643864340090102,1.8553729853458278,0.5285542903225804,0.5485542903225804,3,3,3,3,3,BB
0.5274606666666667,0.1765081111111111,1.603909,1.5162429366587509,1.6915750633412492,0.5174606666666667,0.5374606666666667,3,3,3,3,3,BB
0.5317217,0.176099525,1.600890225,1.5129376145323448,1.688842835467655,0.5217217,0.5417217,3,3,3,3,3,BB
0.7514871666666666,0.2184816279069768,1.812255558139535,1.7410994799219999,1.88341163635707,0.7414871666666666,0.7614871666666666,3,3,3,3,3,BB
0.6713954210526316,0.2495075348837209,1.8535391,1.7908196123858782,1.916258587614122,0.6613954210526316,0.6813954210526316,3,3,3,3,3,BB
0.6413976341463413,0.1918045853658537,1.733961487804878,1.6541372481872212,1.8137857274225346,0.6313976341463413,0.6513976341463413,3,3,3,3,3,BB
0.5598818372093023,0.1583317674418604,1.844574720930232,1.7477105703271538,1.94143887153331,0.5498818372093023,0.5698818372093023,3,3,3,3,3,BB
0.89340176,0.2393808846153846,1.926278576923077,1.8621666701052257,1.9903904837409283,0.88340176,0.90340176,3,3,3,3,3,BB
0.9000140833333332,0.2363861891891892,1.956980621621621,1.8913753236360498,2.022585919607192,0.8900140833333332,0.9100140833333332,3,3,3,3,3,BB
0.8883661199999997,0.2561576923076924,1.823808307692308,1.7636394328992082,1.8839771824854077,0.8783661199999997,0.8983661199999997,3,3,3,3,3,BB
1.309708782608696,0.3632697499999999,1.916585166666667,1.8746807397029852,1.9584895936303486,1.299708782608696,1.319708782608696,3,3,3,3,3,BB
1.600414782608696,0.4988482083333334,1.737399291666667,1.706410083511979,1.7683884998213548,1.590414782608696,1.610414782608696,3,3,3,3,3,BB
1.228544333333333,0.3206048,1.9715403,1.9241533964098325,2.0189272035901675,1.218544333333333,1.238544333333333,3,3,3,3,3,BB
1.71787625,0.4187207777777778,2.082203250000001,2.0461181269771753,2.1182883730228266,1.70787625,1.72787625,3,3,3,3,3,BB
2.316340846153846,0.6391216875000001,1.884114580645161,1.8603054263725451,1.9079237349177767,2.306340846153846,2.3263408461538457,3,3,3,3,3,BB
2.163065181818181,0.6873485625000001,1.7058361875,1.683375280306479,1.7282970946935212,2.153065181818181,2.1730651818181808,3,3,3,3,3,BB
2.447663461538462,0.6190228749999998,2.006909375,1.982175225103542,2.031643524896458,2.4376634615384623,2.457663461538462,3,3,3,3,3,BB
3.344000681818181,0.9976704375,1.833311931034483,1.8179684510808214,1.8486554109881446,3.334000681818181,3.3540006818181807,3,3,3,3,3,BB
3.261082764705882,0.984465103448276,1.873887607142857,1.8579736821365347,1.8898015321491792,3.2510827647058824,3.271082764705882,3,3,3,3,3,BB
2.700327944444444,0.897757612903226,1.680694714285714,1.6634759797747367,1.6979134487966914,2.6903279444444443,2.710327944444444,3,3,3,3,3,BB
2.530002,0.7806826499999999,1.6946941,1.67475334818805,1.7146348518119499,2.5200020000000003,2.540002,3,3,3,3,3,BB
1.245149444444444,0.4158751111111111,1.611487,1.5739780515352675,1.6489959484647323,1.235149444444444,1.255149444444444,3,3,3,3,3,BB
0.3206238536585366,0.1149297804878049,1.499312536585366,1.362095767987506,1.6365293051832257,0.31062385365853656,0.3306238536585366,3,3,3,3,3,BB
0.5218258095238093,0.1760647619047619,1.587669476190476,1.4997401318976493,1.6755988204833026,0.5118258095238093,0.5318258095238093,3,3,3,3,3,BB
0.4964396875000001,0.17763225,1.5114071875,1.4228113730916092,1.6000030019083906,0.4864396875000001,0.5064396875000001,3,3,3,3,3,BB
0.2132374,0.08312440000000001,1.3924768,1.202346885922207,1.582606714077793,0.20323739999999998,0.2232374,3,3,3,3,3,BB
0.28804916,0.11968492,1.30011528,1.1665503489479598,1.4336802110520401,0.27804916,0.29804916000000004,3,3,3,3,3,BB
0.4514792857142858,0.1485831428571429,1.629369199999999,1.5250749753529518,1.7336634246470464,0.4414792857142858,0.4614792857142858,3,3,3,3,3,BB
0.4841226551724138,0.1502767241379311,1.702569413793104,1.5989915123902176,1.8061473151959904,0.4741226551724138,0.4941226551724138,3,3,3,3,3,BB
0.5571212631578947,0.1672288421052631,1.760521657894737,1.6689382418011378,1.852105073988336,0.5471212631578947,0.5671212631578947,3,3,3,3,3,BB
0.6110338947368421,0.210453052631579,1.570423421052632,1.4966198869064309,1.644226955198833,0.6010338947368421,0.6210338947368421,3,3,3,3,3,BB
0.5834095882352941,0.2230947647058824,1.435154735294118,1.364759846476187,1.5055496241120492,0.5734095882352941,0.5934095882352941,3,3,3,3,3,BB
0.692506,0.2195500588235294,1.687429764705882,1.616291807912847,1.758567721498917,0.682506,0.702506,3,3,3,3,3,BB
0.7851570909090909,0.2346239545454545,1.770260181818182,1.7045748327572623,1.8359455308791017,0.7751570909090909,0.7951570909090909,3,3,3,3,3,BB
0.9103054999999999,0.3385758823529412,1.522367352941176,1.4761426320301512,1.568592073852201,0.9003054999999999,0.9203054999999999,3,3,3,3,3,BB
0.648415,0.208715,1.660124,1.5862912473950361,1.7339567526049637,0.638415,0.658415,3,3,3,3,3,BB
0.5897089285714285,0.1988686428571429,1.604192821428571,1.526350161256922,1.68203548160022,0.5797089285714285,0.5997089285714285,3,3,3,3,3,BB
0.6283471153846154,0.197089,1.699452884615385,1.6214501748976051,1.7774555943331647,0.6183471153846154,0.6383471153846154,3,3,3,3,3,BB
0.6855642727272726,0.217444303030303,1.686301575757576,1.6155295332549013,1.7570736182602509,0.6755642727272726,0.6955642727272726,3,3,3,3,3,BB
0.7486194500000002,0.2580006,1.5860735,1.5259360122204986,1.6462109877795013,0.7386194500000002,0.7586194500000002,3,3,3,3,3,BB
0.553365,0.1821377777777778,1.633890222222222,1.5491029219917476,1.7186775224526964,0.543365,0.563365,3,3,3,3,3,BB
0.6839384500000001,0.201155,1.79910285,1.722928167629605,1.8752775323703947,0.6739384500000001,0.6939384500000001,3,3,3,3,3,BB
0.4251281,0.1339855666666667,1.698394766666666,1.5815479118822453,1.8152416214510865,0.4151281,0.4351281,3,3,3,3,3,BB
0.5037024615384614,0.2256862307692308,1.221890923076923,1.1506685071095732,1.2931133390442728,0.4937024615384614,0.5137024615384614,3,3,3,3,3,BB
0.5379500303030303,0.1843562727272727,1.580725848484849,1.4961746820664017,1.6652770149032963,0.5279500303030303,0.5479500303030304,3,3,3,3,3,BB
0.5628101785714287,0.2311730714285715,1.407972428571428,1.339374378268208,1.4765704788746479,0.5528101785714287,0.5728101785714287,3,3,3,3,3,BB
0.7899417999999998,0.2392710571428572,1.752171342857143,1.6881144760009668,1.8162282097133193,0.7799417999999998,0.7999417999999998,3,3,3,3,3,BB
1.25626825,0.56586,1.17657025,1.1481388486368527,1.2050016513631472,1.24626825,1.26626825,3,3,3,3,3,BB
0.6115927647058822,0.1945434705882353,1.683855294117647,1.6042611710937162,1.7634494171415778,0.6015927647058822,0.6215927647058822,3,3,3,3,3,BB
0.5441388823529413,0.2422786470588235,1.241313529411765,1.1740517991501,1.30857525967343,0.5341388823529413,0.5541388823529413,3,3,3,3,3,BB
0.6170104545454546,0.279819,1.192650636363636,1.134028825144827,1.251272447582445,0.6070104545454545,0.6270104545454546,3,3,3,3,3,BB
0.6213005294117646,0.220055,1.553694176470588,1.4822363797076863,1.6251519732334898,0.6113005294117646,0.6313005294117646,3,3,3,3,3,BB
0.246123,0.09519100000000001,1.412169666666667,1.2469470326256833,1.5773923007076507,0.236123,0.256123,3,3,3,3,3,BB
0.4461043157894737,0.1565229473684211,1.584527315789473,1.4838259985713058,1.6852286330076403,0.4361043157894737,0.4561043157894737,3,3,3,3,3,BB
0.3780878571428571,0.195143,0.9886609999999999,0.9035794154628235,1.0737425845371762,0.3680878571428571,0.3880878571428571,4,4,4,4,4,MDM
0.256757,0.1121455,1.22881325,1.0860791487737416,1.3715473512262584,0.246757,0.266757,3,4,3,4,3,BB
0.2889909000000001,0.1122131,1.4245795,1.2821525029751288,1.5670064970248714,0.2789909000000001,0.2989909000000001,3,3,3,3,3,BB
0.1183886666666667,0.04415433333333333,1.474003,1.0950376149038261,1.8529683850961738,0.1083886666666667,0.1283886666666667,3,4,3,4,3,BB
0.487125,0.189646,1.388719,1.3052057548263667,1.4722322451736334,0.47712499999999997,0.497125,3,3,3,3,3,BB
0.3143693333333333,0.1016663333333333,1.662984166666667,1.5110415861431306,1.8149267471902033,0.30436933333333327,0.3243693333333333,3,3,3,3,3,BB
0.3798135555555555,0.1168603888888889,1.744967055555556,1.6106070722042027,1.8793270389069094,0.3698135555555555,0.3898135555555555,3,3,3,3,3,BB
0.184091625,0.10611175,1.147297,0.9873445277065531,1.307249472293447,0.174091625,0.19409162500000002,3,4,3,4,3,BB
0.184084,0.08454833333333334,1.154386,0.9618884976668315,1.3468835023331682,0.174084,0.194084,3,4,3,4,3,BB
0.1930851428571429,0.118161,0.7439537142857142,0.598410159565526,0.8894972690059024,0.1830851428571429,0.2030851428571429,4,4,4,4,4,MDM
0.2970286875000001,0.14763825,1.0562588125,0.9453056789699334,1.1672119460300667,0.2870286875000001,0.3070286875000001,4,4,3,4,3,MDM
0.1489855,0.05810139999999999,1.4029626,1.1231857044702824,1.6827394955297175,0.13898549999999998,0.1589855,3,4,3,4,3,BB
0.2978555833333333,0.1581677499999999,1.165616833333333,1.0606098247598337,1.2706238419068323,0.2878555833333333,0.3078555833333333,3,4,3,4,3,BB
0.2983331111111112,0.1331284444444445,1.250913333333333,1.130254983448426,1.3715716832182403,0.2883331111111112,0.3083331111111112,3,3,3,3,3,BB
0.3305598571428572,0.177414,0.9903344285714286,0.8964973969591057,1.0841714601837515,0.3205598571428572,0.3405598571428572,4,4,4,4,4,MDM
0.07047166666666667,0.03324766666666667,1.146946666666667,0.5893169046766249,1.704576428656709,0.06047166666666667,0.08047166666666666,2,1,2,4,3,MUIBB
0.1730873333333333,0.082181,1.108114666666667,0.904636491691855,1.311592841641479,0.16308733333333328,0.1830873333333333,4,4,3,4,3,MDM
0.1299914,0.0706058,0.9537423,0.7159902991212238,1.1914943008787764,0.11999140000000001,0.13999140000000002,4,4,3,4,3,MDM
0.1488958421052632,0.08250833333333334,0.8893257894736841,0.683000289113705,1.0956512898336632,0.13889584210526318,0.1588958421052632,4,4,4,4,4,MDM
0.1546399444444445,0.07438661111111111,1.106887388888889,0.8816769996160948,1.3320977781616832,0.1446399444444445,0.16463994444444452,4,4,3,4,3,MDM
0.1455403636363636,0.05377122727272727,1.477297818181818,1.1756686975354362,1.7789269388281996,0.1355403636363636,0.15554036363636362,3,3,3,3,3,BB
0.1785905,0.07499562500000001,1.2722665,1.0555867243130255,1.4889462756869745,0.1685905,0.18859050000000002,3,4,3,4,3,BB
0.133126,0.0547843125,1.30240425,1.0017574208191347,1.6030510791808652,0.123126,0.143126,3,4,3,4,3,BB
0.2098943103448276,0.08869703448275862,1.28550724137931,1.1023490794287343,1.4686654033298858,0.1998943103448276,0.21989431034482762,3,4,3,4,3,BB
0.3511335,0.13913725,1.3778655,1.2643178095368952,1.4914131904631047,0.3411335,0.3611335,3,3,3,3,3,BB
0.4445482857142857,0.215666,1.080116571428572,1.0036398324096596,1.1565933104474846,0.43454828571428566,0.4545482857142857,4,4,3,4,3,MDM
0.2350475,0.1200105714285714,1.054192875,0.9169531219272162,1.1914326280727838,0.22504749999999998,0.2450475,4,4,3,4,3,MDM
0.1218953333333333,0.054542,1.209296,0.9006616791145683,1.5179303208854316,0.1118953333333333,0.1318953333333333,3,4,3,4,3,BB
0.131543,0.064585,1.07228,0.8185812450449466,1.3259787549550532,0.121543,0.141543,4,4,3,4,3,MDM
0.1331155,0.06005000000000001,1.1854375,0.9167075342881696,1.4541674657118302,0.1231155,0.1431155,3,4,3,4,3,BB
0.1455742,0.07957250000000002,1.0323019,0.8214966165500567,1.2431071834499432,0.13557419999999998,0.1555742,4,4,3,4,3,MDM
0.1253295,0.06154222222222223,1.059233777777778,0.786721538405022,1.3317460171505342,0.11532950000000002,0.13532950000000002,4,4,3,4,3,MDM
0.1678385,0.06868308333333334,1.304517916666667,1.0664939216214488,1.542541911711885,0.1578385,0.1778385,3,4,3,4,3,BB
0.1429642,0.08149139999999999,0.8543966000000001,0.6424682185167294,1.0663249814832707,0.1329642,0.15296420000000002,4,4,4,4,4,MDM
0.2022542,0.1229776,0.7621466799999999,0.6209919806828583,0.9033013793171414,0.1922542,0.2122542,4,4,4,4,4,MDM
0.112581,0.056498,1.030503,0.7246316258133088,1.3363743741866911,0.102581,0.122581,4,4,3,4,3,MDM
0.05471569230769231,0.04124092307692307,0.5313727692307693,,,0.04471569230769231,0.06471569230769231,1,4,4,4,4,M
0.178088,0.1133985,0.8039200000000001,0.6505655176995111,0.9572744823004891,0.168088,0.188088,4,4,4,4,4,MDM
0.1581645714285714,0.07803157142857142,1.046404142857143,0.8330209390937688,1.259787346620517,0.1481645714285714,0.1681645714285714,4,4,3,4,3,MDM
0.1244166666666667,0.059209,1.103201666666667,0.8245309328357329,1.3818724004976013,0.11441666666666671,0.1344166666666667,4,4,3,4,3,MDM
0.1142538571428571,0.062844,0.8804352857142856,0.6096051681858621,1.1512654032427092,0.1042538571428571,0.1242538571428571,4,4,3,4,3,MDM
0.100961375,0.061517375,0.8092807499999999,0.5193254370916949,1.099236062908305,0.09096137500000001,0.110961375,4,4,4,4,4,MDM
0.1388887777777778,0.08960733333333332,0.7356504444444445,0.5401073128072911,0.9311935760815979,0.1288887777777778,0.14888877777777781,4,4,4,4,4,MDM
0.2235384444444444,0.1706492222222222,0.4521160000000001,0.34223043908466944,0.5620015609153307,0.2135384444444444,0.2335384444444444,4,4,4,4,4,MDM
0.08759149999999999,0.063090375,0.564288375,0.26388116548373286,0.864695584516267,0.0775915,0.09759149999999998,4,1,1,4,4,MDM
0.099366,0.049341,1.056991,0.71062028611866,1.4033617138813401,0.089366,0.10936599999999999,4,4,3,4,3,MDM
1.660697,1.501577,0.1461062,0.13284876356842706,0.15936363643157292,1.650697,1.670697,4,4,4,4,4,MDM
1.024145555555556,0.9737301111111112,0.09174366666666667,0.07084220214721706,0.11264513118611627,1.014145555555556,1.034145555555556,4,4,4,4,4,MDM
0.8498253333333334,0.8156615833333333,0.0739065,0.04897933853252186,0.09883366146747814,0.8398253333333334,0.8598253333333334,4,4,4,4,4,MDM
1.139099363636364,1.067539181818182,0.09762727272727273,0.07867570103098254,0.11657884442356292,1.129099363636364,1.149099363636364,4,4,4,4,4,MDM
0.807496125,0.7750567500000001,0.08119475,0.054961298621555923,0.10742820137844407,0.797496125,0.817496125,4,4,4,4,4,MDM
