aod440,aod500,fmf500,rmse_fmf,fmf500_sub,fmf500_sob,aod500_sub,aod500_sob,class,class_00,class_01,class_10,class_11,class_code
0.1615345,0.141581,0.59825825,0.097178,0.50108025,0.69543625,0.131581,0.15158100000000002,1,1,1,1,1,M
0.09349199999999998,0.08280939999999999,0.6213192666666667,0.1014778,0.5198414666666666,0.7227970666666668,0.0728094,0.09280939999999999,1,1,1,1,1,M
0.09636553333333334,0.08660946666666665,0.5447573333333334,0.0886206,0.45613673333333343,0.6333779333333334,0.07660946666666665,0.09660946666666664,1,1,1,1,1,M
0.1671064444444444,0.1533728888888889,0.3628723333333334,0.06936788888888891,0.2935044444444445,0.4322402222222223,0.14337288888888888,0.1633728888888889,1,1,1,1,1,M
0.09876270000000001,0.08767109999999999,0.6282514000000001,0.1023324,0.5259190000000001,0.7305838000000001,0.07767109999999999,0.09767109999999998,1,1,1,1,1,M
0.1053866428571429,0.09278492857142855,0.5857744285714286,0.0893682857142857,0.4964061428571429,0.6751427142857143,0.08278492857142855,0.10278492857142854,1,1,1,1,1,M
0.1193545882352941,0.1072894705882353,0.484384375,0.07731212499999998,0.40707225,0.5616964999999999,0.09728947058823531,0.1172894705882353,1,1,1,1,1,M
0.09267929411764704,0.08820364705882355,0.3787755882352941,0.07471035294117646,0.30406523529411766,0.45348594117647056,0.07820364705882356,0.09820364705882355,1,1,1,1,1,M
0.07878720000000002,0.070601,0.5696985,0.063629,0.5060695,0.6333275,0.060600999999999995,0.08060099999999999,1,1,1,1,1,M
0.042212,0.037388,0.552065,0.062312,0.48975300000000005,0.6143770000000001,0.027387999999999996,0.047388,1,1,1,1,1,M
0.09114183333333332,0.07874600000000001,0.5732018333333334,0.07052916666666666,0.5026726666666668,0.643731,0.06874600000000002,0.088746,1,1,1,1,1,M
0.1033422,0.09354559999999999,0.4587855333333333,0.06958986666666668,0.3891956666666666,0.5283753999999999,0.0835456,0.10354559999999999,1,1,1,1,1,M
0.1044438461538462,0.09125515384615385,0.5114444615384615,0.06591907692307693,0.44552538461538455,0.5773635384615384,0.08125515384615385,0.10125515384615384,1,1,1,1,1,M
0.1121035714285714,0.09902571428571429,0.5712352857142858,0.08556857142857142,0.4856667142857144,0.6568038571428573,0.08902571428571429,0.10902571428571428,1,1,1,1,1,M
0.05063691666666666,0.04759691666666666,0.3301929166666667,0.06705466666666667,0.2631382500000001,0.3972475833333334,0.03759691666666666,0.057596916666666664,1,1,1,1,1,M
0.043561,0.04014788888888889,0.5547041111111111,0.07857977777777778,0.47612433333333326,0.6332838888888889,0.03014788888888889,0.050147888888888895,1,1,1,1,1,M
0.0590715,0.05428966666666666,0.448943,0.0702795,0.3786635,0.5192224999999999,0.04428966666666666,0.06428966666666666,1,1,1,1,1,M
0.03942685714285714,0.03731928571428571,0.3393558571428572,0.07467585714285715,0.26468,0.4140317142857144,0.027319285714285706,0.04731928571428571,1,1,1,1,1,M
0.0648651875,0.0612043125,0.3627138,0.0648432,0.2978706,0.42755699999999996,0.051204312499999995,0.07120431249999999,1,1,1,1,1,M
0.05016975,0.04802975,0.6057699999999999,0.1699075,0.43586249999999993,0.7756774999999999,0.03802975,0.058029750000000005,1,1,1,1,1,M
0.06905819999999999,0.0626746,0.5264694,0.0737364,0.452733,0.6002058,0.052674599999999995,0.07267459999999999,1,1,1,1,1,M
3.118344818181818,2.605602909090909,0.9853782727272726,0.2286241818181818,0.7567540909090908,1.2140024545454544,2.595602909090909,2.6156029090909088,8,8,8,8,8,C
3.449617533333334,2.909129333333333,0.9827699333333333,0.2384855333333333,0.7442844,1.2212554666666666,2.8991293333333332,2.919129333333333,8,8,8,8,8,C
1.1556265,0.9569771999999999,0.9238215999999999,0.1652496,0.7585719999999999,1.0890711999999998,0.9469771999999999,0.9669771999999999,8,8,8,8,8,C
3.148937214285714,2.442838,0.9545443636363636,0.1750851818181818,0.7794591818181819,1.1296295454545455,2.4328380000000003,2.452838,8,8,8,8,8,C
2.246037552631579,1.834981619047619,0.9528122000000003,0.1676506,0.7851616000000003,1.1204628000000003,1.824981619047619,1.844981619047619,8,8,8,8,8,C
2.846480043478261,2.35838116,0.9547008333333332,0.1960351666666667,0.7586656666666665,1.150736,2.34838116,2.3683811599999998,8,8,8,8,8,C
1.872615458333333,1.5383795,0.9656135833333334,0.181448375,0.7841652083333334,1.1470619583333335,1.5283795,1.5483795,8,8,8,8,8,C
1.443462857142857,1.184966714285714,0.9590862307692307,0.1787179230769231,0.7803683076923076,1.1378041538461539,1.174966714285714,1.194966714285714,8,8,8,8,8,C
0.7860772857142857,0.642465238095238,0.93276725,0.15601835,0.7767489000000001,1.0887856,0.632465238095238,0.652465238095238,8,8,8,8,8,C
1.336335181818182,1.106964939393939,0.9525056129032259,0.1834022903225806,0.7691033225806453,1.1359079032258066,1.096964939393939,1.116964939393939,8,8,8,8,8,C
1.625966875,1.354475625,0.9514388749999999,0.187817875,0.7636209999999999,1.13925675,1.344475625,1.364475625,8,8,8,8,8,C
0.3787632857142857,0.3150418571428572,0.8560264285714286,0.1429581428571429,0.7130682857142857,0.9989845714285716,0.3050418571428572,0.3250418571428572,8,8,8,8,8,C
0.30265285,0.2583273,0.5793043499999999,0.08527164999999999,0.49403269999999994,0.664576,0.24832729999999997,0.2683273,1,1,1,1,1,M
0.828952135135135,0.6773696756756759,0.8910999428571428,0.1433459714285714,0.7477539714285714,1.034445914285714,0.6673696756756758,0.6873696756756759,8,8,8,8,8,C
0.8771370000000001,0.7223094999999999,0.8254250000000001,0.131768,0.6936570000000001,0.9571930000000001,0.7123094999999999,0.7323095,8,5,8,5,8,C
0.881206375,0.7245766250000001,0.881754125,0.14562425,0.736129875,1.027378375,0.7145766250000001,0.7345766250000001,8,8,8,8,8,C
1.8555131,1.608862545454546,0.4613407142857143,0.1071265714285714,0.3542141428571429,0.5684672857142857,1.598862545454546,1.618862545454546,5,5,5,5,5,D
0.4741737567567568,0.3933073783783784,0.820056945945946,0.1325741081081081,0.6874828378378379,0.9526310540540541,0.3833073783783784,0.40330737837837843,8,5,8,5,8,C
0.5068902162162163,0.4170318378378379,0.8297596216216216,0.1304572702702703,0.6993023513513513,0.960216891891892,0.4070318378378379,0.42703183783783794,8,5,8,5,8,C
0.7566357222222222,0.636003777777778,0.7836013333333331,0.1332563888888889,0.6503449444444442,0.9168577222222221,0.6260037777777779,0.646003777777778,8,5,8,5,8,C
0.6822063846153845,0.5618891538461539,0.831613,0.1314572307692307,0.7001557692307694,0.9630702307692307,0.5518891538461539,0.5718891538461539,8,8,8,8,8,C
0.6869046,0.5637112,0.8288553999999999,0.1285472,0.7003081999999999,0.9574025999999999,0.5537112,0.5737112,8,8,8,8,8,C
0.7935653333333335,0.6493738333333333,0.8671687500000002,0.1368554166666667,0.7303133333333335,1.004024166666667,0.6393738333333333,0.6593738333333333,8,8,8,8,8,C
0.6698070714285717,0.5591333214285715,0.7302907777777777,0.1111245185185185,0.6191662592592593,0.8414152962962962,0.5491333214285715,0.5691333214285715,8,5,8,5,8,C
0.7211485,0.5992395714285713,0.7504799230769231,0.1162954615384615,0.6341844615384616,0.8667753846153846,0.5892395714285713,0.6092395714285713,8,5,8,5,8,C
0.3880865882352941,0.3200236764705882,0.7195223235294116,0.1016579705882353,0.6178643529411763,0.8211802941176469,0.3100236764705882,0.3300236764705882,8,5,8,5,8,C
0.4233217714285715,0.3429553714285715,0.7718463714285715,0.1058237714285714,0.6660226000000001,0.8776701428571428,0.3329553714285715,0.35295537142857153,8,5,8,5,8,C
0.7465058,0.6091875999999999,0.7793952000000001,0.1124834,0.6669118,0.8918786000000001,0.5991875999999999,0.6191876,8,5,8,5,8,C
0.5781874285714286,0.4717584285714286,0.7424105238095238,0.1027640952380952,0.6396464285714286,0.8451746190476189,0.46175842857142857,0.4817584285714286,8,5,8,5,8,C
0.8826666249999999,0.7264944999999999,0.8034317500000001,0.124086375,0.6793453750000001,0.9275181250000001,0.7164944999999999,0.7364944999999999,8,5,8,5,8,C
0.462503,0.377099,0.839921,0.125055,0.714866,0.9649760000000001,0.367099,0.387099,8,8,8,8,8,C
0.6109636382978725,0.4952607021276594,0.8775680434782609,0.1342604347826087,0.7433076086956522,1.0118284782608695,0.48526070212765937,0.5052607021276594,8,8,8,8,8,C
0.4875804583333332,0.4003224166666666,0.8438473750000001,0.131072625,0.7127747500000001,0.97492,0.3903224166666666,0.41032241666666663,8,8,8,8,8,C
0.877821,0.7606930000000001,0.6096305,0.1028535,0.5067769999999999,0.712484,0.750693,0.7706930000000001,5,5,8,5,8,D
0.397121,0.330011,0.7428515,0.1092875,0.633564,0.852139,0.320011,0.340011,8,5,8,5,8,C
0.4609157692307692,0.4038766923076924,0.6334406153846153,0.1011300769230769,0.5323105384615383,0.7345706923076922,0.3938766923076924,0.4138766923076924,5,5,8,5,8,D
0.1491310769230769,0.1286835384615385,0.6805008461538461,0.1067580769230769,0.5737427692307692,0.787258923076923,0.1186835384615385,0.1386835384615385,1,1,1,1,1,M
0.209567,0.17672725,0.760049375,0.119287,0.640762375,0.8793363750000001,0.16672725,0.18672725,1,1,8,1,8,M
0.325218,0.2756782352941177,0.6352967647058824,0.09164541176470588,0.5436513529411765,0.7269421764705882,0.2656782352941177,0.28567823529411773,1,1,1,1,1,M
0.4820485,0.417227,0.5859905,0.093011,0.49297949999999996,0.6790014999999999,0.407227,0.427227,5,5,5,5,5,D
0.3851998888888888,0.3273401111111112,0.6811846666666665,0.1072758888888889,0.5739087777777776,0.7884605555555555,0.3173401111111112,0.33734011111111123,5,5,8,5,8,D
0.116541945945946,0.1023128378378378,0.5668383243243243,0.08429718918918919,0.4825411351351352,0.6511355135135135,0.09231283783783781,0.1123128378378378,1,1,1,1,1,M
0.27393,0.238297875,0.5755317499999999,0.08733350000000001,0.4881982499999999,0.6628652499999999,0.22829787499999998,0.248297875,1,1,1,1,1,M
0.3349095,0.28223625,0.8069087500000001,0.13809375,0.668815,0.9450025000000001,0.27223625,0.29223625000000003,8,1,8,1,8,C
0.324809,0.280031,0.671823,0.095847,0.5759759999999999,0.76767,0.27003099999999997,0.290031,1,1,1,1,1,M
0.4058395,0.347307,0.7392995,0.1266275,0.612672,0.865927,0.33730699999999997,0.357307,8,5,8,5,8,C
0.5794125,0.4839335,0.8989165,0.1638425,0.735074,1.062759,0.4739335,0.4939335,8,8,8,8,8,C
0.18937725,0.157169,0.68643875,0.101949,0.58448975,0.7883877499999999,0.147169,0.167169,1,1,1,1,1,M
0.329388,0.284388,0.5749245000000001,0.08771899999999999,0.48720550000000007,0.6626435,0.27438799999999997,0.294388,1,1,1,1,1,M
0.2476482,0.2096512,0.6774034,0.1002474,0.577156,0.7776508,0.1996512,0.21965120000000002,1,1,1,1,1,M
0.2898557142857143,0.2394215714285714,0.8458410000000001,0.1307822142857143,0.7150587857142858,0.9766232142857143,0.2294215714285714,0.2494215714285714,8,1,8,1,8,C
0.3987857142857142,0.3398561428571428,0.6849754285714286,0.1071482857142857,0.5778271428571429,0.7921237142857143,0.32985614285714276,0.3498561428571428,5,5,8,5,8,D
0.2470386428571428,0.2063242142857143,0.7943073571428573,0.1243181428571428,0.6699892142857145,0.9186255000000001,0.19632421428571428,0.2163242142857143,1,1,8,1,8,M
0.3247177777777778,0.2673605,0.7085094444444443,0.1020513333333333,0.606458111111111,0.8105607777777776,0.2573605,0.2773605,1,1,8,1,8,M
0.387347,0.333657,0.55318,0.082374,0.470806,0.635554,0.323657,0.343657,5,5,5,5,5,D
0.3046760000000001,0.256686,0.72529775,0.1095045,0.61579325,0.83480225,0.24668600000000002,0.26668600000000003,1,1,8,1,8,M
0.306142,0.255408,0.708269,0.10343,0.604839,0.8116990000000001,0.24540800000000002,0.26540800000000003,1,1,8,1,8,M
0.553352,0.47405,0.600608,0.091792,0.508816,0.6924,0.46405,0.48405000000000004,5,5,5,5,5,D
0.95294,0.800227,0.732357,0.116833,0.6155240000000001,0.84919,0.790227,0.810227,8,5,8,5,8,C
0.5842068888888889,0.4850944444444444,0.8503165555555556,0.1398298888888889,0.7104866666666667,0.9901464444444446,0.4750944444444444,0.4950944444444444,8,8,8,8,8,C
0.589455,0.4958008571428572,0.7589827142857143,0.1232268571428572,0.6357558571428571,0.8822095714285715,0.4858008571428572,0.5058008571428572,8,5,8,5,8,C
0.3482332857142857,0.2958924285714286,0.8584815714285715,0.158645,0.6998365714285715,1.0171265714285715,0.2858924285714286,0.3058924285714286,8,1,8,5,8,C
0.156517,0.136678,0.724254,0.133055,0.5911989999999999,0.857309,0.12667799999999999,0.146678,1,1,8,1,8,M
0.06498033333333332,0.05840799999999999,0.587266,0.08761533333333334,0.49965066666666663,0.6748813333333333,0.048407999999999986,0.06840799999999998,1,1,1,1,1,M
0.1209253333333333,0.1036745555555556,0.7102357777777778,0.1088065555555556,0.6014292222222222,0.8190423333333334,0.09367455555555561,0.1136745555555556,1,1,8,1,8,M
0.124426,0.108766,0.669781,0.110695,0.559086,0.780476,0.098766,0.118766,1,1,1,1,1,M
0.1009624666666667,0.09093513333333335,0.4925122666666667,0.07624306666666668,0.4162692,0.5687553333333334,0.08093513333333335,0.10093513333333334,1,1,1,1,1,M
0.1478155,0.130932,0.481019,0.070945,0.410074,0.551964,0.120932,0.140932,1,1,1,1,1,M
0.146259375,0.1302765,0.5952605000000001,0.109054375,0.4862061250000001,0.7043148750000001,0.1202765,0.1402765,1,1,1,1,1,M
0.096121625,0.086724375,0.4220588750000001,0.06448525,0.3575736250000001,0.4865441250000001,0.07672437500000001,0.096724375,1,1,1,1,1,M
0.1727043076923077,0.1541555384615384,0.5595087692307692,0.09406338461538463,0.46544538461538454,0.6535721538461539,0.1441555384615384,0.1641555384615384,1,1,1,1,1,M
0.1946241,0.1717383,0.5505332,0.0877494,0.46278379999999997,0.6382825999999999,0.1617383,0.18173830000000002,1,1,1,1,1,M
0.3148637142857143,0.2815777142857143,0.4790582857142858,0.086353,0.3927052857142858,0.5654112857142858,0.2715777142857143,0.29157771428571433,1,1,1,1,1,M
0.1182081428571429,0.1113968571428571,0.4135275714285714,0.08893271428571428,0.3245948571428571,0.5024602857142857,0.10139685714285711,0.1213968571428571,1,1,1,1,1,M
0.08663627777777777,0.07801244444444443,0.5692613333333334,0.09764716666666669,0.4716141666666667,0.6669085000000001,0.06801244444444443,0.08801244444444442,1,1,1,1,1,M
0.202524,0.17545,0.623092,0.096699,0.526393,0.719791,0.16544999999999999,0.18545,1,1,1,1,1,M
0.1228793684210526,0.1134105789473684,0.4098053157894737,0.07818805263157894,0.33161726315789475,0.4879933684210527,0.10341057894736841,0.1234105789473684,1,1,1,1,1,M
0.14028425,0.1266769375,0.446830875,0.0752263125,0.3716045625,0.5220571875,0.11667693750000001,0.1366769375,1,1,1,1,1,M
0.1328356285714286,0.1170068,0.5524931999999998,0.08576022857142858,0.46673297142857123,0.6382534285714284,0.1070068,0.1270068,1,1,1,1,1,M
0.1489287619047619,0.1289464761904762,0.6106894285714285,0.09425661904761906,0.5164328095238094,0.7049460476190476,0.1189464761904762,0.1389464761904762,1,1,1,1,1,M
0.10078825,0.08922075000000002,0.5709010000000001,0.0887015,0.4821995000000001,0.6596025000000001,0.07922075000000002,0.09922075000000001,1,1,1,1,1,M
0.14668875,0.131252625,0.470380375,0.074167125,0.39621325,0.5445475,0.12125262500000002,0.14125262500000002,1,1,1,1,1,M
0.1012323076923077,0.08941265384615384,0.4961478461538462,0.07017373076923075,0.4259741153846155,0.5663215769230769,0.07941265384615384,0.09941265384615383,1,1,1,1,1,M
0.1103939230769231,0.09939638461538462,0.4961863076923076,0.08788261538461538,0.4083036923076922,0.5840689230769229,0.08939638461538463,0.10939638461538462,1,1,1,1,1,M
0.149639,0.1326555,0.6309415,0.112314,0.5186275,0.7432555000000001,0.12265550000000001,0.14265550000000002,1,1,1,1,1,M
0.121503,0.105841,0.549316,0.075508,0.473808,0.624824,0.09584100000000001,0.115841,1,1,1,1,1,M
0.1031487142857143,0.09706035714285714,0.3326707142857143,0.07100521428571428,0.26166550000000005,0.4036759285714286,0.08706035714285715,0.10706035714285714,1,1,1,1,1,M
0.06122685714285715,0.05769828571428572,0.3942216428571428,0.06700214285714286,0.32721949999999994,0.46122378571428563,0.04769828571428572,0.06769828571428572,1,1,1,1,1,M
0.101137625,0.08947843750000002,0.5570282500000001,0.09163018750000002,0.4653980625000001,0.6486584375000002,0.07947843750000003,0.09947843750000002,1,1,1,1,1,M
0.06892039999999998,0.06242036666666666,0.5091816666666665,0.07473820000000002,0.4344434666666665,0.5839198666666665,0.052420366666666655,0.07242036666666665,1,1,1,1,1,M
0.07086878260869564,0.0636217391304348,0.5714739130434782,0.1019740434782608,0.4694998695652174,0.6734479565217389,0.053621739130434797,0.0736217391304348,1,1,1,1,1,M
0.09568076923076922,0.08635384615384616,0.4503148461538462,0.06789546153846154,0.38241938461538466,0.5182103076923077,0.07635384615384616,0.09635384615384615,1,1,1,1,1,M
0.1468174615384615,0.1346428461538462,0.3612196153846154,0.06870207692307692,0.2925175384615385,0.4299216923076923,0.1246428461538462,0.1446428461538462,1,1,1,1,1,M
0.1065877142857143,0.09371514285714286,0.5014002857142857,0.07028557142857142,0.43111471428571435,0.5716858571428571,0.08371514285714286,0.10371514285714285,1,1,1,1,1,M
0.109488,0.087599,0.70019,0.08221,0.61798,0.7824,0.077599,0.09759899999999999,1,1,1,1,1,M
0.07154579166666668,0.05815304166666666,0.670942,0.07755820833333334,0.5933837916666667,0.7485002083333334,0.04815304166666666,0.06815304166666666,1,1,1,1,1,M
0.101589,0.084115125,0.5675133750000001,0.06445075,0.5030626250000001,0.6319641250000001,0.074115125,0.094115125,1,1,1,1,1,M
0.09493366666666665,0.07578,0.68656,0.07636933333333333,0.6101906666666667,0.7629293333333332,0.06578,0.08578,1,1,1,1,1,M
0.1007191,0.0826939,0.6625924999999999,0.07979699999999999,0.5827954999999999,0.7423894999999999,0.0726939,0.0926939,1,1,1,1,1,M
0.07507010638297872,0.06099363829787233,0.7200449361702128,0.0909849361702128,0.62906,0.8110298723404257,0.050993638297872325,0.07099363829787232,1,1,8,1,8,M
0.09133788461538463,0.07407499999999999,0.738569576923077,0.09742726923076925,0.6411423076923077,0.8359968461538463,0.064075,0.08407499999999998,1,1,8,1,8,M
0.09222774999999998,0.077091375,0.610023875,0.074447625,0.53557625,0.6844715,0.06709137500000001,0.087091375,1,1,1,1,1,M
0.1259768571428571,0.1068665714285714,0.5409808571428572,0.07047414285714285,0.47050671428571433,0.611455,0.0968665714285714,0.11686657142857139,1,1,1,1,1,M
0.1103243333333333,0.087936,0.7365086666666668,0.090775,0.6457336666666669,0.8272836666666668,0.077936,0.097936,1,1,8,1,8,M
0.1072528333333333,0.09206541666666668,0.5526020833333333,0.07403116666666666,0.4785709166666666,0.6266332499999999,0.08206541666666668,0.10206541666666667,1,1,1,1,1,M
0.08985883333333335,0.07487913333333335,0.6263918333333334,0.07967253333333332,0.5467193,0.7060643666666667,0.06487913333333335,0.08487913333333334,1,1,1,1,1,M
0.08952055555555553,0.07536,0.605265923076923,0.07824746153846154,0.5270184615384614,0.6835133846153845,0.06536,0.08535999999999999,1,1,1,1,1,M
0.0809979090909091,0.06932236363636363,0.5502835454545455,0.07143745454545454,0.47884609090909097,0.6217210000000001,0.059322363636363624,0.07932236363636362,1,1,1,1,1,M
0.08063901923076924,0.06770959615384617,0.6459996730769233,0.08570263461538462,0.5602970384615387,0.7317023076923079,0.05770959615384617,0.07770959615384616,1,1,1,1,1,M
0.07921999999999996,0.0655067741935484,0.6613685483870967,0.08890500000000001,0.5724635483870967,0.7502735483870967,0.0555067741935484,0.0755067741935484,1,1,1,1,1,M
0.11588665,0.095995225,0.6698006,0.08840859999999999,0.581392,0.7582091999999999,0.08599522500000001,0.105995225,1,1,1,1,1,M
0.1196177666666667,0.09885106666666667,0.6824612999999998,0.090738,0.5917232999999998,0.7731992999999998,0.08885106666666667,0.10885106666666666,1,1,1,1,1,M
0.1154809411764706,0.09688247058823529,0.6110501176470587,0.07967370588235295,0.5313764117647057,0.6907238235294118,0.0868824705882353,0.10688247058823529,1,1,1,1,1,M
0.08833686666666667,0.072066,0.7175480000000001,0.09043833333333336,0.6271096666666667,0.8079863333333335,0.062066,0.082066,1,1,8,1,8,M
0.073243,0.06218,0.616396,0.073333,0.5430630000000001,0.689729,0.05218,0.07218,1,1,1,1,1,M
0.1194858571428571,0.1003408571428571,0.6127110476190476,0.07907009523809523,0.5336409523809523,0.6917811428571429,0.09034085714285711,0.1103408571428571,1,1,1,1,1,M
0.1212391111111111,0.1011078888888889,0.6594934074074073,0.08901481481481482,0.5704785925925924,0.7485082222222221,0.0911078888888889,0.1111078888888889,1,1,1,1,1,M
0.08772450000000001,0.07530375,0.5641401500000001,0.07628405,0.48785610000000007,0.6404242000000001,0.06530375000000001,0.08530375,1,1,1,1,1,M
0.09026919047619049,0.0759837142857143,0.6678588571428572,0.09033842857142857,0.5775204285714286,0.7581972857142858,0.0659837142857143,0.08598371428571429,1,1,1,1,1,M
0.10004034375,0.0870694375,0.49786003125,0.07331628125,0.42454375,0.5711763125,0.0770694375,0.0970694375,1,1,1,1,1,M
0.1416556666666667,0.1212816666666667,0.5263788,0.06983500000000001,0.45654380000000006,0.5962138,0.11128166666666671,0.1312816666666667,1,1,1,1,1,M
0.1124371351351351,0.09289924324324325,0.7223104864864863,0.0994021891891892,0.6229082972972971,0.8217126756756755,0.08289924324324326,0.10289924324324325,1,1,8,1,8,M
0.1203572647058823,0.09700470588235297,0.7615146764705878,0.09750941176470587,0.664005264705882,0.8590240882352936,0.08700470588235297,0.10700470588235296,1,1,8,1,8,M
0.1010260465116279,0.08133639534883721,0.7628335581395348,0.09748516279069769,0.665348395348837,0.8603187209302325,0.07133639534883722,0.09133639534883721,1,1,8,1,8,M
0.08366926315789475,0.0678562105263158,0.7048887631578947,0.09012686842105262,0.6147618947368421,0.7950156315789474,0.057856210526315795,0.07785621052631579,1,1,1,1,1,M
0.09105882142857144,0.07432759259259258,0.7076270384615383,0.08759746153846153,0.6200295769230768,0.7952244999999998,0.06432759259259259,0.08432759259259258,1,1,1,1,1,M
0.0967629107142857,0.07927462500000002,0.7021008928571428,0.09282430357142858,0.6092765892857143,0.7949251964285714,0.06927462500000002,0.08927462500000001,1,1,1,1,1,M
0.07366151724137932,0.06137337931034483,0.637235724137931,0.08072131034482757,0.5565144137931034,0.7179570344827585,0.05137337931034483,0.07137337931034483,1,1,1,1,1,M
0.06835942592592593,0.05830285185185183,0.5868180925925925,0.07955214814814814,0.5072659444444444,0.6663702407407407,0.048302851851851826,0.06830285185185182,1,1,1,1,1,M
0.1023966153846154,0.08508576923076924,0.6486287307692307,0.08419392307692308,0.5644348076923076,0.7328226538461537,0.07508576923076925,0.09508576923076924,1,1,1,1,1,M
0.1410169230769231,0.1168196923076923,0.7437056153846154,0.1032200769230769,0.6404855384615386,0.8469256923076923,0.10681969230769231,0.1268196923076923,1,1,8,1,8,M
0.164208652173913,0.1331159565217391,0.7602163913043477,0.1037669130434783,0.6564494782608694,0.863983304347826,0.12311595652173911,0.1431159565217391,1,1,8,1,8,M
0.10958625,0.09083849999999999,0.7050759166666665,0.09822908333333334,0.6068468333333331,0.8033049999999998,0.0808385,0.10083849999999998,1,1,8,1,8,M
0.1335265,0.1107335,0.6692125,0.087368,0.5818445,0.7565805,0.1007335,0.1207335,1,1,1,1,1,M
0.1527149,0.1313947,0.5288592999999999,0.0762942,0.45256509999999994,0.6051534999999999,0.12139470000000001,0.1413947,1,1,1,1,1,M
0.1375519090909091,0.1151304545454545,0.663551090909091,0.09236281818181817,0.5711882727272729,0.7559139090909092,0.1051304545454545,0.1251304545454545,1,1,1,1,1,M
0.1036592068965517,0.084828,0.7474696551724138,0.1053111206896551,0.6421585344827587,0.8527807758620689,0.074828,0.094828,1,1,8,1,8,M
0.08597338596491229,0.07086433333333333,0.6950585087719301,0.09560771929824566,0.5994507894736845,0.7906662280701757,0.06086433333333333,0.08086433333333333,1,1,1,1,1,M
0.0993456923076923,0.083506,0.6940965384615384,0.1051118461538461,0.5889846923076923,0.7992083846153845,0.073506,0.09350599999999999,1,1,1,1,1,M
0.09999618181818182,0.0840908909090909,0.6438016603773583,0.09259507547169812,0.5512065849056602,0.7363967358490564,0.0740908909090909,0.0940908909090909,1,1,1,1,1,M
0.07702296226415094,0.06550549056603774,0.6132660754716981,0.08655837735849059,0.5267076981132075,0.6998244528301887,0.05550549056603774,0.07550549056603774,1,1,1,1,1,M
0.08148997826086955,0.06919276086956519,0.5979241739130434,0.08418036956521742,0.513743804347826,0.6821045434782609,0.05919276086956519,0.07919276086956518,1,1,1,1,1,M
0.07839504444444445,0.0666986888888889,0.5872262,0.0804886,0.5067376,0.6677148,0.0566986888888889,0.0766986888888889,1,1,1,1,1,M
0.09063006521739128,0.07657867391304349,0.6115444782608696,0.08335502173913042,0.5281894565217391,0.6948995,0.06657867391304349,0.08657867391304348,1,1,1,1,1,M
0.06404326190476191,0.05443023809523809,0.5843481904761905,0.07883500000000002,0.5055131904761905,0.6631831904761905,0.044430238095238085,0.06443023809523808,1,1,1,1,1,M
0.0563949534883721,0.04761737209302327,0.5850887906976743,0.07568251162790697,0.5094062790697673,0.6607713023255812,0.037617372093023266,0.05761737209302327,1,1,1,1,1,M
0.0743925625,0.06262437499999998,0.6265443749999999,0.0823048125,0.5442395624999999,0.7088491874999999,0.05262437499999998,0.07262437499999998,1,1,1,1,1,M
0.07755865517241381,0.06623925862068963,0.5623261206896552,0.07795584482758622,0.48437027586206893,0.6402819655172414,0.05623925862068963,0.07623925862068963,1,1,1,1,1,M
0.09087388571428573,0.07636542857142858,0.6138786857142857,0.0874576,0.5264210857142857,0.7013362857142857,0.06636542857142859,0.08636542857142858,1,1,1,1,1,M
0.1042620277777778,0.08707069444444443,0.6128919166666669,0.0807318888888889,0.5321600277777779,0.6936238055555558,0.07707069444444443,0.09707069444444442,1,1,1,1,1,M
0.07057892105263157,0.06001194736842107,0.5435327368421051,0.07450507894736842,0.4690276578947367,0.6180378157894736,0.050011947368421066,0.07001194736842106,1,1,1,1,1,M
0.0820014523809524,0.06948121428571429,0.5771071904761903,0.079144,0.4979631904761903,0.6562511904761903,0.05948121428571428,0.07948121428571428,1,1,1,1,1,M
0.0838491,0.07167796666666668,0.5324237666666668,0.06799073333333334,0.46443303333333347,0.6004145000000002,0.061677966666666674,0.08167796666666667,1,1,1,1,1,M
0.07430606451612903,0.06395170967741935,0.4930306774193548,0.06484083870967741,0.4281898387096774,0.5578715161290322,0.05395170967741935,0.07395170967741935,1,1,1,1,1,M
0.1024963421052631,0.08563439473684213,0.6257225789473685,0.08642157894736842,0.539301,0.712144157894737,0.07563439473684214,0.09563439473684213,1,1,1,1,1,M
0.1217464722222222,0.1019136111111111,0.6361806666666666,0.08550994444444444,0.5506707222222221,0.7216906111111111,0.0919136111111111,0.11191361111111109,1,1,1,1,1,M
0.1081681111111111,0.09120411111111111,0.5938048518518518,0.07397477777777778,0.519830074074074,0.6677796296296297,0.08120411111111112,0.1012041111111111,1,1,1,1,1,M
0.1391252051282051,0.1154308717948718,0.703541076923077,0.09528061538461535,0.6082604615384617,0.7988216923076923,0.1054308717948718,0.1254308717948718,1,1,1,1,1,M
0.132184947368421,0.1100433157894737,0.6479305789473685,0.08196126315789473,0.5659693157894737,0.7298918421052633,0.1000433157894737,0.12004331578947369,1,1,1,1,1,M
0.150668,0.1256845,0.6196085,0.075864,0.5437445,0.6954725,0.11568450000000001,0.1356845,1,1,1,1,1,M
0.1242988648648649,0.1019721351351351,0.6809264594594595,0.08737556756756759,0.5935508918918919,0.7683020270270271,0.09197213513513511,0.1119721351351351,1,1,1,1,1,M
0.1463578536585366,0.1183180731707317,0.7480533170731709,0.0984801951219512,0.6495731219512197,0.8465335121951221,0.10831807317073171,0.1283180731707317,1,1,8,1,8,M
0.1618224074074074,0.1316805185185185,0.7553941481481481,0.104859037037037,0.6505351111111111,0.8602531851851851,0.12168051851851851,0.1416805185185185,1,1,8,1,8,M
0.2057399189189189,0.1677201891891892,0.7707105135135134,0.1072994324324324,0.6634110810810809,0.8780099459459458,0.1577201891891892,0.17772018918918922,1,1,8,1,8,M
0.1994133448275862,0.1625000357142857,0.7444741034482758,0.0998804137931034,0.6445936896551724,0.8443545172413792,0.1525000357142857,0.1725000357142857,1,1,8,1,8,M
0.2023652682926829,0.1693472195121951,0.6660414878048782,0.09491841463414634,0.5711230731707319,0.7609599024390244,0.1593472195121951,0.17934721951219512,1,1,1,1,1,M
0.16574972,0.137746,0.68455048,0.09184804000000002,0.5927024399999999,0.77639852,0.127746,0.14774600000000002,1,1,1,1,1,M
0.1627674146341463,0.1334065609756097,0.7308289512195121,0.09917629268292684,0.6316526585365853,0.8300052439024389,0.12340656097560972,0.14340656097560972,1,1,8,1,8,M
0.329450090909091,0.2710262727272728,0.7786444545454546,0.1162599545454546,0.6623845,0.8949044090909092,0.2610262727272728,0.2810262727272728,1,1,8,1,8,M
0.2702598974358973,0.2234542564102565,0.7552119487179487,0.1101201025641025,0.6450918461538462,0.8653320512820513,0.2134542564102565,0.23345425641025652,1,1,8,1,8,M
0.2389456279069768,0.1976119069767442,0.7584392093023257,0.1107581860465116,0.6476810232558141,0.8691973953488372,0.18761190697674418,0.2076119069767442,1,1,8,1,8,M
0.228228,0.1888858387096774,0.7461270967741938,0.1082117741935484,0.6379153225806453,0.8543388709677422,0.1788858387096774,0.1988858387096774,1,1,8,1,8,M
0.1936803333333333,0.1592399583333333,0.7418674166666667,0.1042625,0.6376049166666666,0.8461299166666667,0.14923995833333328,0.1692399583333333,1,1,8,1,8,M
0.2230954736842105,0.1807728947368421,0.7543463684210527,0.09933063157894739,0.6550157368421053,0.8536770000000001,0.1707728947368421,0.1907728947368421,1,1,8,1,8,M
0.2369093333333333,0.1954996666666667,0.768159888888889,0.1117498888888889,0.65641,0.8799097777777779,0.1854996666666667,0.20549966666666672,1,1,8,1,8,M
0.2053842857142857,0.1738631428571429,0.6961418571428571,0.104052,0.5920898571428571,0.8001938571428572,0.1638631428571429,0.18386314285714292,1,1,8,1,8,M
0.2259168125,0.1890774375,0.742554625,0.1129585,0.6295961250000001,0.855513125,0.1790774375,0.1990774375,1,1,8,1,8,M
0.1484838571428571,0.1227115714285714,0.7535711428571429,0.1032504285714286,0.6503207142857143,0.8568215714285715,0.11271157142857141,0.1327115714285714,1,1,8,1,8,M
0.2147922105263158,0.1782681578947369,0.7647920526315791,0.1138966315789474,0.6508954210526318,0.8786886842105265,0.1682681578947369,0.18826815789473691,1,1,8,1,8,M
0.2921005555555556,0.2461518888888888,0.7435212222222223,0.1171762222222222,0.626345,0.8606974444444445,0.2361518888888888,0.2561518888888888,1,1,8,1,8,M
0.1681362,0.14155188,0.7402526,0.1163602,0.6238924,0.8566128000000001,0.13155187999999998,0.15155188,1,1,8,1,8,M
0.1859313488372093,0.1567966744186046,0.7805005116279069,0.1298081860465116,0.6506923255813953,0.9103086976744185,0.14679667441860458,0.1667966744186046,1,1,8,1,8,M
0.2460800731707317,0.2057140487804879,0.825844756097561,0.1383632682926829,0.6874814878048782,0.9642080243902439,0.1957140487804879,0.21571404878048792,8,1,8,1,8,C
0.3339301818181818,0.2787262727272726,0.8410159047619048,0.1448724761904762,0.6961434285714286,0.985888380952381,0.26872627272727256,0.2887262727272726,8,1,8,1,8,C
0.364461,0.303843,0.822674,0.135661,0.687013,0.958335,0.29384299999999997,0.313843,8,1,8,5,8,C
0.2995276078431373,0.2480616274509803,0.8215093725490197,0.1306100980392157,0.6908992745098039,0.9521194705882354,0.23806162745098028,0.25806162745098027,8,1,8,1,8,C
0.1758151666666667,0.1450235555555555,0.7077831944444445,0.09519080555555556,0.6125923888888889,0.8029740000000001,0.13502355555555548,0.1550235555555555,1,1,8,1,8,M
0.2342520344827586,0.1914475517241379,0.7271634482758621,0.09809082758620688,0.6290726206896552,0.825254275862069,0.1814475517241379,0.20144755172413792,1,1,8,1,8,M
0.1915421,0.1565264333333333,0.7262405666666666,0.09801176666666667,0.6282287999999999,0.8242523333333333,0.1465264333333333,0.1665264333333333,1,1,8,1,8,M
0.1970089318181818,0.1584936590909091,0.7926768181818179,0.1061986590909091,0.6864781590909088,0.898875477272727,0.14849365909090909,0.1684936590909091,1,1,8,1,8,M
0.3020517872340426,0.2394667234042553,0.8667297021276597,0.1163985106382979,0.7503311914893618,0.9831282127659575,0.22946672340425528,0.2494667234042553,8,1,8,1,8,C
0.2327126,0.18609176,0.80950232,0.10619294,0.70330938,0.91569526,0.17609175999999999,0.19609176,8,1,8,1,8,C
0.2467509318181818,0.1993235,0.7864518636363639,0.1053170454545454,0.6811348181818184,0.8917689090909093,0.18932349999999998,0.2093235,1,1,8,1,8,M
0.2770673225806452,0.2212340322580645,0.8317911290322579,0.1115804516129032,0.7202106774193547,0.9433715806451611,0.2112340322580645,0.23123403225806452,8,1,8,1,8,C
0.2275947,0.18908955,0.62161245,0.08148525,0.5401272,0.7030976999999999,0.17908955,0.19908955,1,1,1,1,1,M
0.29117775,0.2342649772727272,0.822232522727273,0.1134248409090909,0.7088076818181821,0.9356573636363639,0.22426497727272718,0.2442649772727272,8,1,8,1,8,C
0.4237508461538461,0.344163423076923,0.8380876153846154,0.1234757307692308,0.7146118846153846,0.9615633461538462,0.334163423076923,0.354163423076923,8,8,8,8,8,C
0.48601225,0.3936815,0.8518116111111111,0.1261350833333333,0.7256765277777779,0.9779466944444444,0.3836815,0.4036815,8,8,8,8,8,C
0.7370952857142858,0.5975568095238095,0.8789288500000001,0.1333188,0.7456100500000001,1.0122476500000002,0.5875568095238095,0.6075568095238095,8,8,8,8,8,C
0.5018259444444445,0.4092929444444444,0.8040649444444443,0.1189778888888889,0.6850870555555554,0.9230428333333333,0.3992929444444444,0.4192929444444444,8,5,8,5,8,C
0.3027735999999999,0.2457902,0.7710178999999999,0.1076591,0.6633587999999999,0.8786769999999999,0.23579019999999998,0.25579019999999997,1,1,8,1,8,M
0.3925808333333333,0.3134825,0.8284268333333333,0.1094153333333333,0.7190115,0.9378421666666666,0.3034825,0.3234825,8,8,8,8,8,C
0.454664,0.385393,0.543887,0.077172,0.466715,0.621059,0.375393,0.395393,5,5,5,5,5,D
0.4107547777777778,0.3347455,0.7313377777777779,0.09863850000000002,0.6326992777777778,0.8299762777777779,0.32474549999999996,0.3447455,8,5,8,5,8,C
0.270439,0.225967,0.695894,0.103005,0.592889,0.798899,0.215967,0.235967,1,1,1,1,1,M
0.3532605,0.2938423333333334,0.690216,0.09771866666666666,0.5924973333333334,0.7879346666666667,0.2838423333333334,0.30384233333333344,1,1,1,5,8,M
0.61100075,0.5020652499999999,0.8422617499999999,0.1346985625,0.7075631874999999,0.9769603124999999,0.4920652499999999,0.5120652499999999,8,8,8,8,8,C
0.4137018888888888,0.3426086666666667,0.7698543333333334,0.1172643333333333,0.6525900000000001,0.8871186666666667,0.33260866666666666,0.3526086666666667,8,5,8,5,8,C
0.4162068888888889,0.3424365,0.7891821176470589,0.1178962941176471,0.6712858235294118,0.907078411764706,0.33243649999999997,0.3524365,8,5,8,5,8,C
0.5171164444444444,0.4304207777777778,0.7902198888888888,0.1258585555555556,0.6643613333333332,0.9160784444444444,0.4204207777777778,0.4404207777777778,8,5,8,5,8,C
0.4067533999999999,0.33511135,0.78557185,0.11760625,0.6679655999999999,0.9031781,0.32511134999999997,0.34511135,8,5,8,5,8,C
0.4618645,0.382042,0.7610764999999999,0.1144715,0.6466049999999999,0.875548,0.372042,0.392042,8,5,8,5,8,C
0.4650131818181819,0.3878897727272727,0.728832909090909,0.1099475,0.618885409090909,0.838780409090909,0.3778897727272727,0.3978897727272727,8,5,8,5,8,C
0.5366256363636364,0.4469781818181819,0.7323483636363637,0.1106275454545455,0.6217208181818181,0.8429759090909092,0.4369781818181819,0.4569781818181819,8,5,8,5,8,C
0.7169085454545454,0.6050829090909091,0.695393090909091,0.1097531818181818,0.5856399090909091,0.8051462727272728,0.5950829090909091,0.6150829090909091,5,5,8,5,8,D
0.7199943888888889,0.5954428333333331,0.8683978333333333,0.1447728888888889,0.7236249444444445,1.0131707222222222,0.5854428333333331,0.6054428333333332,8,8,8,8,8,C
0.2224814545454545,0.1815327272727273,0.8508191818181818,0.1252317272727273,0.7255874545454546,0.9760509090909091,0.17153272727272728,0.1915327272727273,8,1,8,1,8,C
0.254853875,0.211979375,0.79348075,0.1223765,0.67110425,0.91585725,0.201979375,0.221979375,1,1,8,1,8,M
0.40431075,0.33736175,0.7722095,0.122118,0.6500915,0.8943274999999999,0.32736175,0.34736175,8,5,8,5,8,C
0.30425265,0.2532118,0.705506,0.1003587,0.6051472999999999,0.8058647,0.24321179999999998,0.2632118,1,1,8,1,8,M
0.4247292692307693,0.3526352692307692,0.7699591153846153,0.1169365769230769,0.6530225384615383,0.8868956923076922,0.3426352692307692,0.3626352692307692,8,5,8,5,8,C
0.242373,0.199261,0.824688,0.129671,0.695017,0.954359,0.18926099999999998,0.209261,8,1,8,1,8,C
0.309533,0.2582218,0.7784038,0.1222141,0.6561897,0.9006179,0.2482218,0.2682218,1,1,8,1,8,M
0.376797,0.3037043333333333,0.8713906666666666,0.1275933333333333,0.7437973333333333,0.998984,0.2937043333333333,0.3137043333333333,8,1,8,8,8,C
0.4483325294117647,0.3703338235294118,0.8160922352941176,0.1263208235294118,0.6897714117647058,0.9424130588235293,0.3603338235294118,0.3803338235294118,8,5,8,5,8,C
0.5959167692307692,0.5085321538461538,0.6736878461538461,0.1078873846153846,0.5658004615384615,0.7815752307692307,0.4985321538461538,0.5185321538461538,5,5,8,5,8,D
0.2639216842105264,0.2179814210526316,0.845724157894737,0.1328059473684211,0.7129182105263159,0.9785301052631581,0.2079814210526316,0.2279814210526316,8,1,8,1,8,C
0.174469,0.1449391818181818,0.7668274545454546,0.114889,0.6519384545454546,0.8817164545454547,0.1349391818181818,0.1549391818181818,1,1,8,1,8,M
0.285818,0.2421364,0.6983243,0.1051883,0.593136,0.8035126,0.2321364,0.2521364,1,1,8,1,8,M
0.3042324285714286,0.2484225714285715,0.778983142857143,0.1116067142857143,0.6673764285714286,0.8905898571428573,0.23842257142857148,0.2584225714285715,1,1,8,1,8,M
0.4806072,0.4036656,0.7006124,0.107761,0.5928514,0.8083734,0.3936656,0.4136656,8,5,8,5,8,C
0.4263574444444444,0.356226,0.7301477777777778,0.1144602222222222,0.6156875555555557,0.844608,0.346226,0.366226,8,5,8,5,8,C
0.520077,0.435903,0.7499366666666667,0.1186126666666667,0.631324,0.8685493333333334,0.425903,0.445903,8,5,8,5,8,C
0.419339,0.3549542500000001,0.6880579642857144,0.1090380357142857,0.5790199285714287,0.7970960000000001,0.3449542500000001,0.3649542500000001,5,5,8,5,8,D
0.431237,0.362832,0.755301,0.11747,0.637831,0.872771,0.352832,0.372832,8,5,8,5,8,C
0.3208172500000001,0.27785665,0.5934377000000002,0.09456100000000002,0.4988767000000002,0.6879987000000002,0.26785665,0.28785665,1,1,1,1,1,M
0.3184075714285714,0.2692904285714285,0.6913168571428571,0.1049535714285714,0.5863632857142856,0.7962704285714285,0.2592904285714285,0.2792904285714285,1,1,1,1,1,M
0.1082289166666667,0.09182483333333334,0.7564015833333334,0.1206191666666667,0.6357824166666667,0.8770207500000001,0.08182483333333335,0.10182483333333334,1,1,8,1,8,M
0.212163,0.178967,0.651455,0.091149,0.560306,0.742604,0.16896699999999998,0.188967,1,1,1,1,1,M
0.35987525,0.30320475,0.7287822500000001,0.11316125,0.6156210000000001,0.8419435000000001,0.29320475,0.31320475000000003,8,1,8,5,8,C
0.289204,0.2347803333333334,0.8374566666666666,0.121273,0.7161836666666667,0.9587296666666666,0.2247803333333334,0.2447803333333334,8,1,8,1,8,C
0.4479951304347826,0.3753074782608695,0.7255606521739132,0.1077885652173913,0.6177720869565219,0.8333492173913045,0.3653074782608695,0.38530747826086953,8,5,8,5,8,C
0.504612,0.421993,0.82079,0.142729,0.678061,0.963519,0.411993,0.431993,8,5,8,5,8,C
0.229077,0.1885534666666667,0.8190364666666665,0.1222034,0.6968330666666666,0.9412398666666665,0.1785534666666667,0.1985534666666667,8,1,8,1,8,C
0.304206,0.2600115,0.6337575,0.1000085,0.533749,0.7337659999999999,0.2500115,0.2700115,1,1,1,1,1,M
0.3829948333333333,0.3278298333333333,0.6541886666666666,0.1013013333333333,0.5528873333333333,0.75549,0.3178298333333333,0.33782983333333333,5,5,8,5,8,D
0.349618,0.299005,0.627703,0.099687,0.528016,0.72739,0.289005,0.30900500000000003,1,1,1,5,8,M
0.2781608571428572,0.2384464285714285,0.6371799285714285,0.09357871428571428,0.5436012142857142,0.7307586428571428,0.2284464285714285,0.2484464285714285,1,1,1,1,1,M
0.3027300000000001,0.2551124444444445,0.6971846666666668,0.1039684444444444,0.5932162222222224,0.8011531111111112,0.24511244444444447,0.2651124444444445,1,1,8,1,8,M
0.2721594375,0.2240605,0.806347125,0.120077875,0.68626925,0.926425,0.2140605,0.2340605,8,1,8,1,8,C
0.30359,0.259076,0.550125,0.078014,0.47211099999999995,0.628139,0.24907599999999996,0.269076,1,1,1,1,1,M
0.4097675,0.3433225,0.698002,0.1020215,0.5959805,0.8000235,0.33332249999999997,0.3533225,5,5,8,5,8,D
0.3308545,0.270683,0.822276,0.119796,0.70248,0.942072,0.260683,0.280683,8,1,8,1,8,C
0.2021465,0.171685375,0.642197,0.092636,0.549561,0.7348330000000001,0.161685375,0.181685375,1,1,1,1,1,M
0.2424193,0.1989729,0.7159981,0.0936361,0.622362,0.8096342,0.1889729,0.20897290000000002,1,1,8,1,8,M
0.24446,0.200366,0.7563365,0.10233075,0.6540057499999999,0.85866725,0.19036599999999998,0.210366,1,1,8,1,8,M
0.285382,0.240235,0.688096,0.104388,0.583708,0.7924840000000001,0.230235,0.250235,1,1,1,1,1,M
0.357952,0.297152,0.810181,0.126992,0.683189,0.937173,0.287152,0.30715200000000004,8,1,8,5,8,C
0.2273235,0.1904195,0.6476135000000001,0.0850985,0.5625150000000001,0.732712,0.18041949999999998,0.2004195,1,1,1,1,1,M
0.3381,0.28122,0.702308,0.0996,0.602708,0.8019080000000001,0.27122,0.29122000000000003,1,1,8,1,8,M
0.457018,0.378828,0.788759,0.12485,0.663909,0.913609,0.368828,0.388828,8,5,8,5,8,C
0.1254752857142857,0.1026295714285714,0.710585857142857,0.091594,0.6189918571428571,0.802179857142857,0.09262957142857141,0.1126295714285714,1,1,8,1,8,M
0.091682,0.07596599999999999,0.6794533333333334,0.09161933333333333,0.587834,0.7710726666666667,0.065966,0.08596599999999999,1,1,1,1,1,M
0.1515256666666666,0.1331331666666667,0.4517698333333334,0.06755816666666666,0.3842116666666668,0.5193280000000001,0.1231331666666667,0.1431331666666667,1,1,1,1,1,M
0.1340936666666667,0.1124193333333333,0.6033559999999999,0.08204533333333332,0.5213106666666666,0.6854013333333332,0.1024193333333333,0.1224193333333333,1,1,1,1,1,M
0.1461282857142857,0.1217774285714286,0.6167348571428571,0.08157414285714285,0.5351607142857143,0.698309,0.11177742857142861,0.1317774285714286,1,1,1,1,1,M
0.1582679,0.1292169,0.7394061,0.0987289,0.6406772,0.838135,0.1192169,0.1392169,1,1,8,1,8,M
0.1685385,0.1421365,0.644621,0.08320425,0.56141675,0.72782525,0.1321365,0.1521365,1,1,1,1,1,M
0.168438,0.139388,0.7196570000000001,0.091669,0.6279880000000001,0.8113260000000001,0.129388,0.14938800000000002,1,1,8,1,8,M
0.1695115,0.14252275,0.6311899999999999,0.08392075,0.5472692499999999,0.7151107499999999,0.13252275,0.15252275,1,1,1,1,1,M
0.1488459,0.1223892,0.7363310999999999,0.100948,0.6353830999999999,0.8372790999999999,0.11238920000000001,0.1323892,1,1,8,1,8,M
0.16198375,0.1375735,0.6334733749999999,0.088657125,0.5448162499999999,0.7221304999999999,0.12757349999999998,0.1475735,1,1,1,1,1,M
0.105149,0.086916,0.604247,0.079455,0.5247919999999999,0.683702,0.076916,0.09691599999999999,1,1,1,1,1,M
0.1179365,0.0970675,0.762796,0.102575,0.6602210000000001,0.865371,0.0870675,0.1070675,1,1,8,1,8,M
0.1744146666666667,0.1442556666666667,0.7188211666666667,0.108917,0.6099041666666667,0.8277381666666668,0.1342556666666667,0.1542556666666667,1,1,8,1,8,M
0.1731975,0.149196,0.55831125,0.08685175,0.47145950000000003,0.645163,0.139196,0.159196,1,1,1,1,1,M
0.249355,0.213912,0.616729,0.089239,0.52749,0.7059679999999999,0.20391199999999998,0.223912,1,1,1,1,1,M
0.1831743333333333,0.1580283333333333,0.598417,0.090401,0.508016,0.6888179999999999,0.1480283333333333,0.1680283333333333,1,1,1,1,1,M
0.09956499999999999,0.08325040000000002,0.7149329999999999,0.0991186,0.6158143999999999,0.8140516,0.07325040000000002,0.09325040000000001,1,1,8,1,8,M
0.1203587142857143,0.098953,0.7206378333333334,0.09598783333333334,0.62465,0.8166256666666668,0.088953,0.108953,1,1,8,1,8,M
0.115447,0.097789,0.620662,0.084612,0.53605,0.7052740000000001,0.087789,0.107789,1,1,1,1,1,M
0.0629595,0.053856,0.797106,0.141899,0.655207,0.939005,0.043856,0.063856,1,1,8,1,8,M
0.091216,0.07668966666666666,0.7058873333333334,0.09709766666666668,0.6087896666666668,0.8029850000000001,0.06668966666666666,0.08668966666666665,1,1,8,1,8,M
0.0733488181818182,0.06282454545454547,0.7337892727272727,0.1222616363636364,0.6115276363636363,0.8560509090909091,0.052824545454545464,0.07282454545454546,1,1,8,1,8,M
0.09080492857142856,0.0758762142857143,0.6546088571428571,0.09399600000000001,0.5606128571428571,0.7486048571428571,0.0658762142857143,0.08587621428571429,1,1,1,1,1,M
0.1360494285714286,0.1167918571428571,0.5437708571428571,0.07283785714285715,0.47093299999999993,0.6166087142857143,0.1067918571428571,0.1267918571428571,1,1,1,1,1,M
0.084795,0.07037166666666667,0.604561,0.07878700000000001,0.525774,0.6833480000000001,0.060371666666666664,0.08037166666666666,1,1,1,1,1,M
0.081947,0.065625,0.737431,0.087003,0.650428,0.8244339999999999,0.055625,0.075625,1,1,8,1,8,M
0.105432,0.087343,0.733876,0.103084,0.630792,0.8369599999999999,0.07734300000000001,0.097343,1,1,8,1,8,M
0.14155275,0.1192,0.5795497500000001,0.0741205,0.50542925,0.6536702500000001,0.1092,0.1292,1,1,1,1,1,M
0.1028525,0.08553275,0.6143755,0.074587,0.5397885,0.6889624999999999,0.07553275000000001,0.09553275,1,1,1,1,1,M
0.126412,0.105301,0.635885,0.076416,0.559469,0.7123010000000001,0.09530100000000001,0.115301,1,1,1,1,1,M
0.09924800000000002,0.07990816666666667,0.6969883636363637,0.07976172727272728,0.6172266363636365,0.776750090909091,0.06990816666666667,0.08990816666666666,1,1,1,1,1,M
0.099099,0.08525,0.562659,0.067453,0.49520600000000004,0.630112,0.07525000000000001,0.09525,1,1,1,1,1,M
0.08041221874999999,0.0666614375,0.6977318333333336,0.09076763333333335,0.6069642000000002,0.7884994666666669,0.0566614375,0.0766614375,1,1,1,1,1,M
0.09484833333333333,0.07628066666666666,0.749965,0.086548,0.663417,0.836513,0.06628066666666667,0.08628066666666666,1,1,8,1,8,M
0.1347379230769231,0.1116199230769231,0.6615262307692308,0.08730646153846154,0.5742197692307692,0.7488326923076923,0.10161992307692311,0.1216199230769231,1,1,1,1,1,M
0.07156766666666667,0.05855566666666667,0.7841053333333333,0.102147,0.6819583333333333,0.8862523333333333,0.04855566666666667,0.06855566666666667,1,1,8,1,8,M
0.09419649999999999,0.074488,0.7428375,0.08830099999999999,0.6545365000000001,0.8311385,0.064488,0.084488,1,1,8,1,8,M
0.07001399999999999,0.05733475,0.6924332499999999,0.07376875,0.6186645,0.7662019999999998,0.047334749999999995,0.06733475,1,1,1,1,1,M
0.06743199999999999,0.053978,0.709268,0.0789845,0.6302835,0.7882525,0.043977999999999996,0.063978,1,1,1,1,1,M
0.1131308571428572,0.09635771428571428,0.5457511428571429,0.06772485714285714,0.47802628571428574,0.613476,0.08635771428571429,0.10635771428571428,1,1,1,1,1,M
0.06407539999999999,0.0543368,0.5814760000000001,0.0707526,0.5107234,0.6522286000000002,0.044336799999999996,0.0643368,1,1,1,1,1,M
0.2088338,0.1832536,0.4868944,0.08338300000000001,0.40351139999999996,0.5702774,0.17325359999999998,0.1932536,1,1,1,1,1,M
0.08731100000000001,0.07251200000000001,0.6461873333333333,0.08065766666666667,0.5655296666666667,0.726845,0.06251200000000001,0.082512,1,1,1,1,1,M
0.05343428571428571,0.044805,0.6067175714285714,0.06343142857142857,0.5432861428571428,0.670149,0.034804999999999996,0.054805,1,1,1,1,1,M
0.05540512068965518,0.0448279827586207,0.5543069137931034,0.0707503448275862,0.4835565689655172,0.6250572586206896,0.0348279827586207,0.054827982758620705,1,1,1,1,1,M
0.08349415384615384,0.06995982692307691,0.540189173076923,0.0725471923076923,0.46764198076923075,0.6127363653846154,0.05995982692307691,0.0799598269230769,1,1,1,1,1,M
0.1826483333333333,0.1526090416666667,0.7520505833333334,0.12529925,0.6267513333333334,0.8773498333333334,0.14260904166666669,0.1626090416666667,1,1,8,1,8,M
0.07391800000000001,0.06071017391304349,0.5701728913043477,0.07603741304347826,0.4941354782608694,0.6462103043478259,0.050710173913043485,0.07071017391304349,1,1,1,1,1,M
0.07651259375000002,0.0624186875,0.49023646875,0.06145228125000001,0.42878418749999997,0.55168875,0.0524186875,0.0724186875,1,1,1,1,1,M
0.09768705714285715,0.08087508571428571,0.5543396,0.07166554285714287,0.48267405714285716,0.6260051428571429,0.07087508571428572,0.09087508571428571,1,1,1,1,1,M
0.07406689473684211,0.06101963157894738,0.4943516111111111,0.06057411111111111,0.4337775,0.5549257222222223,0.05101963157894738,0.07101963157894738,1,1,1,1,1,M
0.06903443750000002,0.05722212499999998,0.5159537499999999,0.06786546874999999,0.4480882812499999,0.5838192187499999,0.047222124999999976,0.06722212499999998,1,1,1,1,1,M
0.06535479545454544,0.05458429545454543,0.5823139772727272,0.07548770454545456,0.5068262727272725,0.6578016818181818,0.044584295454545425,0.06458429545454543,1,1,1,1,1,M
0.09652620000000002,0.07911272,0.6564732800000002,0.08609912,0.5703741600000002,0.7425724000000001,0.06911272,0.08911271999999999,1,1,1,1,1,M
0.1264463333333333,0.1004776666666667,0.603271,0.06532133333333334,0.5379496666666667,0.6685923333333333,0.0904776666666667,0.1104776666666667,1,1,1,1,1,M
0.1856790416666667,0.1515692916666667,0.7602139166666667,0.106411125,0.6538027916666667,0.8666250416666668,0.14156929166666668,0.1615692916666667,1,1,8,1,8,M
0.1021780444444444,0.08272406666666664,0.6268234444444445,0.07570893333333334,0.5511145111111111,0.7025323777777779,0.07272406666666664,0.09272406666666663,1,1,1,1,1,M
0.1223352,0.0981739777777778,0.6796254666666667,0.08652244444444443,0.5931030222222222,0.7661479111111111,0.0881739777777778,0.10817397777777779,1,1,1,1,1,M
0.1631282380952381,0.1339400714285714,0.6949724761904762,0.09635721428571428,0.5986152619047619,0.7913296904761905,0.1239400714285714,0.1439400714285714,1,1,1,1,1,M
0.1500618,0.1223622333333333,0.6416404333333332,0.08036270000000001,0.5612777333333332,0.7220031333333332,0.11236223333333331,0.1323622333333333,1,1,1,1,1,M
0.1751067708333333,0.1420371875,0.7283104583333332,0.1009015416666666,0.6274089166666665,0.8292119999999998,0.1320371875,0.1520371875,1,1,8,1,8,M
0.09590034146341463,0.08011792682926829,0.6023923170731706,0.0882318536585366,0.5141604634146341,0.6906241707317072,0.07011792682926829,0.09011792682926828,1,1,1,1,1,M
0.07659965909090909,0.06414656818181817,0.5501114772727272,0.07527504545454546,0.4748364318181818,0.6253865227272727,0.05414656818181817,0.07414656818181817,1,1,1,1,1,M
0.1578664468085107,0.1287306382978723,0.7603338043478263,0.1112093478260869,0.6491244565217393,0.8715431521739132,0.1187306382978723,0.1387306382978723,1,1,8,1,8,M
0.06993093181818182,0.05843941860465115,0.5132361395348838,0.07622411627906976,0.437012023255814,0.5894602558139536,0.04843941860465115,0.06843941860465115,1,1,1,1,1,M
0.099437,0.08239828571428572,0.6155660000000002,0.08812947619047617,0.527436523809524,0.7036954761904763,0.07239828571428572,0.09239828571428571,1,1,1,1,1,M
0.1231935272727272,0.1021601272727273,0.6461967090909091,0.09026007272727268,0.5559366363636364,0.7364567818181817,0.09216012727272731,0.1121601272727273,1,1,1,1,1,M
0.1323848536585366,0.109138512195122,0.6192846341463416,0.08322468292682926,0.5360599512195123,0.7025093170731709,0.099138512195122,0.11913851219512199,1,1,1,1,1,M
0.1403040869565217,0.1162271956521739,0.634398,0.08543102173913043,0.5489669782608696,0.7198290217391304,0.10622719565217391,0.1262271956521739,1,1,1,1,1,M
0.1479946875,0.1258815625,0.6102725625,0.09087081249999998,0.51940175,0.7011433749999999,0.1158815625,0.1358815625,1,1,1,1,1,M
0.06277189189189189,0.0524904864864865,0.5145888378378378,0.06456083783783782,0.450028,0.5791496756756757,0.0424904864864865,0.0624904864864865,1,1,1,1,1,M
0.05521614814814816,0.04681683333333333,0.5083315185185185,0.07230972222222222,0.43602179629629634,0.5806412407407407,0.036816833333333326,0.05681683333333333,1,1,1,1,1,M
0.1321452647058823,0.1105747941176471,0.6930794999999998,0.1101564117647059,0.5829230882352939,0.8032359117647058,0.10057479411764711,0.1205747941176471,1,1,8,1,8,M
0.09093159375000004,0.07556228125000002,0.5511232187499999,0.06924749999999999,0.4818757187499999,0.6203707187499999,0.06556228125000002,0.08556228125000001,1,1,1,1,1,M
0.09108326666666668,0.07588560000000001,0.5375988,0.07219576666666667,0.4654030333333334,0.6097945666666668,0.06588560000000002,0.0858856,1,1,1,1,1,M
0.1204144102564103,0.09875579487179487,0.6533075384615383,0.09046274358974359,0.5628447948717947,0.7437702820512819,0.08875579487179487,0.10875579487179486,1,1,1,1,1,M
0.1111763888888889,0.08994577777777778,0.5574577222222223,0.065897,0.49156072222222236,0.6233547222222223,0.07994577777777778,0.09994577777777777,1,1,1,1,1,M
0.1153803333333333,0.09323126666666666,0.5288797333333333,0.06416226666666666,0.4647174666666666,0.593042,0.08323126666666666,0.10323126666666665,1,1,1,1,1,M
0.1454904651162791,0.1168757209302326,0.748152511627907,0.1019197674418604,0.6462327441860466,0.8500722790697673,0.1068757209302326,0.1268757209302326,1,1,8,1,8,M
0.1694738648648648,0.1362605405405406,0.7218810000000001,0.09506932432432431,0.6268116756756758,0.8169503243243245,0.1262605405405406,0.1462605405405406,1,1,8,1,8,M
0.2333422,0.1872512666666667,0.7258388666666666,0.0934806,0.6323582666666666,0.8193194666666667,0.17725126666666668,0.1972512666666667,1,1,8,1,8,M
0.3066493750000001,0.24936015625,0.9057714999999998,0.150452375,0.7553191249999999,1.056223875,0.23936015624999998,0.25936015625,8,1,8,1,8,C
0.1648139166666667,0.1324358055555555,0.7428241666666667,0.0999112222222222,0.6429129444444446,0.8427353888888889,0.12243580555555551,0.14243580555555552,1,1,8,1,8,M
0.2622837419354839,0.2169480645161291,0.7381892258064516,0.1134196774193549,0.6247695483870968,0.8516089032258065,0.2069480645161291,0.22694806451612912,1,1,8,1,8,M
0.2046538,0.1679829,0.7411632,0.1148769,0.6262863000000001,0.8560401,0.15798289999999998,0.1779829,1,1,8,1,8,M
0.2045308292682927,0.1685289512195122,0.7006141219512194,0.1005106829268293,0.6001034390243901,0.8011248048780487,0.1585289512195122,0.1785289512195122,1,1,8,1,8,M
0.1978795161290322,0.16457246875,0.6638833870967743,0.09560880645161288,0.5682745806451615,0.7594921935483872,0.15457246875,0.17457246875000001,1,1,1,1,1,M
0.09367974999999999,0.0799399,0.4130142,0.06112525,0.35188895,0.47413945,0.0699399,0.08993989999999999,1,1,1,1,1,M
0.1310273,0.1086524666666667,0.5511258333333334,0.07071293333333334,0.4804129000000001,0.6218387666666667,0.0986524666666667,0.11865246666666669,1,1,1,1,1,M
0.2156100952380952,0.1787959285714286,0.7206898780487807,0.1095598292682927,0.611130048780488,0.8302497073170734,0.16879592857142858,0.1887959285714286,1,1,8,1,8,M
0.1652351052631578,0.1343859473684211,0.6681117894736843,0.08832528947368423,0.5797865000000001,0.7564370789473686,0.12438594736842111,0.1443859473684211,1,1,1,1,1,M
0.1041430454545454,0.08613254545454545,0.5857819545454546,0.07866906818181817,0.5071128863636364,0.6644510227272727,0.07613254545454545,0.09613254545454544,1,1,1,1,1,M
0.1091896571428572,0.08840228571428572,0.6139325714285714,0.07260508571428574,0.5413274857142857,0.6865376571428571,0.07840228571428573,0.09840228571428572,1,1,1,1,1,M
0.1770211627906977,0.1416408837209302,0.7648334651162793,0.1019807906976744,0.6628526744186048,0.8668142558139537,0.1316408837209302,0.1516408837209302,1,1,8,1,8,M
0.2801445555555556,0.230317,0.6744757222222222,0.09193227777777778,0.5825434444444444,0.766408,0.22031699999999999,0.240317,1,1,1,1,1,M
0.2479514166666667,0.2040225555555556,0.7270564444444442,0.1078072777777778,0.6192491666666664,0.8348637222222219,0.1940225555555556,0.2140225555555556,1,1,8,1,8,M
0.27231275,0.22437875,0.5889591875,0.077366875,0.5115923124999999,0.6663260625,0.21437874999999998,0.23437875,1,1,1,1,1,M
0.18208085,0.1499522,0.5577142500000001,0.06980434999999999,0.4879099000000001,0.6275186,0.1399522,0.15995220000000002,1,1,1,1,1,M
0.429814551724138,0.3532646206896551,0.7152757586206897,0.09858558620689656,0.6166901724137932,0.8138613448275862,0.3432646206896551,0.3632646206896551,8,5,8,5,8,C
0.3937744999999999,0.3149328076923077,0.86383312,0.1251356,0.73869752,0.98896872,0.3049328076923077,0.3249328076923077,8,8,8,8,8,C
0.3873954999999999,0.3201929583333333,0.800554875,0.1283660416666667,0.6721888333333332,0.9289209166666668,0.31019295833333327,0.3301929583333333,8,5,8,5,8,C
0.5238070294117647,0.4283256176470588,0.9188981470588237,0.1558247058823529,0.7630734411764708,1.0747228529411765,0.4183256176470588,0.4383256176470588,8,8,8,8,8,C
0.7065903684210527,0.5785321578947369,0.9185556842105265,0.1572936315789474,0.7612620526315791,1.075849315789474,0.5685321578947369,0.5885321578947369,8,8,8,8,8,C
0.6122424999999999,0.5131043333333334,0.8229669166666667,0.1446031666666666,0.67836375,0.9675700833333333,0.5031043333333334,0.5231043333333334,8,5,8,5,8,C
0.502955,0.41584,0.8155045555555556,0.1332845555555555,0.68222,0.9487891111111111,0.40584,0.42584,8,5,8,5,8,C
0.4197371481481482,0.3478067037037037,0.8235041111111113,0.1357798148148148,0.6877242962962965,0.9592839259259262,0.3378067037037037,0.3578067037037037,8,5,8,5,8,C
0.7134488181818182,0.5862584090909091,0.9011222272727271,0.1521623636363636,0.7489598636363635,1.0532845909090907,0.5762584090909091,0.5962584090909091,8,8,8,8,8,C
0.5780697619047619,0.4656408809523811,0.884613357142857,0.1352730714285715,0.7493402857142856,1.0198864285714286,0.4556408809523811,0.4756408809523811,8,8,8,8,8,C
0.7165635357142855,0.5771712142857143,0.9332305384615386,0.1489065384615385,0.784324,1.0821370769230771,0.5671712142857143,0.5871712142857143,8,8,8,8,8,C
1.017022678571429,0.8301797999999999,0.9569601153846155,0.1703923461538462,0.7865677692307692,1.1273524615384616,0.8201797999999999,0.8401797999999999,8,8,8,8,8,C
0.6643202499999998,0.5379030624999999,0.8962602000000001,0.1409942666666666,0.7552659333333335,1.0372544666666665,0.5279030624999999,0.5479030624999999,8,8,8,8,8,C
0.6797208181818181,0.5440139090909091,0.914383,0.137548619047619,0.776834380952381,1.051931619047619,0.5340139090909091,0.5540139090909091,8,8,8,8,8,C
0.8138217333333332,0.6485084666666665,0.9426685,0.1424961428571429,0.8001723571428572,1.0851646428571429,0.6385084666666665,0.6585084666666665,8,8,8,8,8,C
0.739236,0.5904498333333333,0.8927695,0.1313395555555555,0.7614299444444446,1.0241090555555554,0.5804498333333333,0.6004498333333333,8,8,8,8,8,C
0.6562512758620692,0.5323164827586206,0.8243931379310344,0.1229005517241379,0.7014925862068965,0.9472936896551724,0.5223164827586206,0.5423164827586207,8,8,8,8,8,C
0.6807234999999999,0.56445875,0.74966125,0.1153605,0.63430075,0.8650217499999999,0.55445875,0.57445875,8,5,8,5,8,C
0.5871342380952381,0.4796378095238094,0.8299522857142857,0.1281072380952381,0.7018450476190476,0.9580595238095237,0.4696378095238094,0.4896378095238094,8,8,8,8,8,C
0.301283,0.2532492000000001,0.6943748,0.104603,0.5897718,0.7989778,0.2432492000000001,0.2632492000000001,1,1,1,1,1,M
0.4209901153846154,0.3373405769230768,0.7556677307692308,0.09942484615384614,0.6562428846153846,0.8550925769230769,0.3273405769230768,0.3473405769230768,8,5,8,5,8,C
1.185759827586207,0.9493530333333334,0.9558500714285716,0.15170925,0.8041408214285716,1.1075593214285715,0.9393530333333334,0.9593530333333334,8,8,8,8,8,C
0.8314321463414635,0.6688660975609759,0.9432048717948718,0.151132641025641,0.7920722307692307,1.0943375128205128,0.6588660975609759,0.6788660975609759,8,8,8,8,8,C
0.9056314761904763,0.7301996363636363,0.9468203157894737,0.1532268421052632,0.7935934736842105,1.1000471578947368,0.7201996363636363,0.7401996363636363,8,8,8,8,8,C
0.8827470499999999,0.7075417,0.9220864499999999,0.1408075,0.7812789499999999,1.0628939499999999,0.6975417,0.7175417000000001,8,8,8,8,8,C
0.7102364516129032,0.567944064516129,0.8871970000000001,0.1309874838709677,0.7562095161290324,1.018184483870968,0.557944064516129,0.577944064516129,8,8,8,8,8,C
1.584749833333333,1.265591269230769,0.9558943333333333,0.1623920416666666,0.7935022916666667,1.1182863749999998,1.255591269230769,1.275591269230769,8,8,8,8,8,C
1.663296714285714,1.353795866666667,0.9671971428571429,0.1843337857142857,0.7828633571428572,1.1515309285714286,1.343795866666667,1.363795866666667,8,8,8,8,8,C
1.20231775,1.018376333333334,0.9248449411764704,0.1573155882352941,0.7675293529411763,1.0821605294117644,1.008376333333334,1.028376333333334,8,8,8,8,8,C
0.8508945454545455,0.6933024545454546,0.9139344999999999,0.14974475,0.7641897499999999,1.0636792499999999,0.6833024545454546,0.7033024545454546,8,8,8,8,8,C
0.7221673333333333,0.6169986666666667,0.6840476666666667,0.1163143333333333,0.5677333333333334,0.800362,0.6069986666666667,0.6269986666666667,5,5,8,5,8,D
0.3033609393939395,0.2477832727272727,0.7902379696969696,0.1158754545454545,0.6743625151515151,0.906113424242424,0.2377832727272727,0.2577832727272727,1,1,8,1,8,M
0.3662165277777779,0.29818875,0.752866416666667,0.1045103333333333,0.6483560833333337,0.8573767500000002,0.28818875,0.30818875,1,1,8,5,8,M
0.788556,0.6425043333333333,0.8996825333333334,0.1446857333333333,0.7549968,1.0443682666666667,0.6325043333333333,0.6525043333333334,8,8,8,8,8,C
0.8720602727272727,0.7187483636363637,0.9173414999999998,0.1613303,0.7560111999999998,1.0786717999999997,0.7087483636363637,0.7287483636363637,8,8,8,8,8,C
0.6401064999999999,0.5416,0.6310655000000001,0.09576499999999999,0.5353005000000001,0.7268305,0.5316,0.5516,5,5,8,5,8,D
0.490495,0.394933304347826,0.8784758695652173,0.1323329130434783,0.746142956521739,1.0108087826086956,0.38493330434782597,0.404933304347826,8,8,8,8,8,C
0.4761021,0.3846999999999999,0.8855050500000001,0.1331802,0.7523248500000002,1.01868525,0.37469999999999987,0.3946999999999999,8,8,8,8,8,C
0.4702956428571428,0.3805742499999999,0.9004933571428569,0.1407410357142857,0.7597523214285713,1.0412343928571426,0.3705742499999999,0.3905742499999999,8,8,8,8,8,C
0.586356,0.4938965,0.726002,0.113034,0.6129680000000001,0.839036,0.4838965,0.5038965,8,5,8,5,8,C
0.4297905,0.3506635,0.85089,0.1305115,0.7203785,0.9814015,0.3406635,0.3606635,8,8,8,8,8,C
0.2086998461538461,0.170737576923077,0.6883907307692309,0.09084357692307693,0.5975471538461539,0.7792343076923078,0.160737576923077,0.18073757692307701,1,1,1,1,1,M
0.4505490000000001,0.3817573750000001,0.65133325,0.100769375,0.5505638749999999,0.752102625,0.3717573750000001,0.39175737500000013,5,5,8,5,8,D
0.1295316842105263,0.1054569473684211,0.6542196842105262,0.08136247368421051,0.5728572105263157,0.7355821578947368,0.0954569473684211,0.11545694736842109,1,1,1,1,1,M
0.241471,0.1973558846153846,0.7818875599999999,0.11447596,0.6674115999999999,0.89636352,0.1873558846153846,0.20735588461538462,1,1,8,1,8,M
0.2014625,0.1710435,0.72212,0.111628,0.610492,0.8337479999999999,0.16104349999999998,0.1810435,1,1,8,1,8,M
0.2018273333333333,0.1683106666666667,0.6500456666666666,0.08744099999999999,0.5626046666666666,0.7374866666666666,0.15831066666666668,0.1783106666666667,1,1,1,1,1,M
0.1901255,0.1528190714285714,0.747208357142857,0.09698350000000001,0.650224857142857,0.844191857142857,0.1428190714285714,0.1628190714285714,1,1,8,1,8,M
0.3114975625,0.266860625,0.6376344374999999,0.09629443750000001,0.5413399999999999,0.7339288749999999,0.256860625,0.276860625,1,1,1,1,1,M
0.2844064000000001,0.2345556,0.6339616,0.08362710000000001,0.5503345,0.7175887000000001,0.2245556,0.2445556,1,1,1,1,1,M
0.321101,0.2644744,0.6612629,0.0891851,0.5720778,0.750448,0.2544744,0.2744744,1,1,1,1,1,M
0.4754121176470588,0.3961097058823531,0.7195174117647061,0.1079281176470588,0.6115892941176473,0.8274455294117649,0.3861097058823531,0.4061097058823531,8,5,8,5,8,C
0.429011090909091,0.3504989090909091,0.773201090909091,0.112159,0.6610420909090909,0.885360090909091,0.3404989090909091,0.3604989090909091,8,5,8,5,8,C
0.3743544,0.3075076,0.8635248000000001,0.1348052,0.7287196000000001,0.99833,0.2975076,0.3175076,8,1,8,8,8,C
0.5106468333333333,0.4161171666666666,0.8484616666666667,0.1302819166666667,0.71817975,0.9787435833333333,0.4061171666666666,0.4261171666666666,8,8,8,8,8,C
0.4553238181818182,0.3773195454545454,0.8521119090909092,0.1399740909090909,0.7121378181818183,0.992086,0.36731954545454537,0.3873195454545454,8,8,8,8,8,C
0.298079,0.246842,0.788492,0.119745,0.668747,0.908237,0.236842,0.256842,1,1,8,1,8,M
0.2975358571428571,0.2498902857142857,0.5900864285714286,0.08120785714285714,0.5088785714285714,0.6712942857142857,0.2398902857142857,0.2598902857142857,1,1,1,1,1,M
0.3758275,0.3156105,0.5996855000000001,0.085578,0.5141075,0.6852635000000001,0.3056105,0.3256105,5,5,5,5,5,D
0.2115846666666666,0.1808576666666666,0.56329575,0.07659049999999999,0.48670525,0.63988625,0.1708576666666666,0.19085766666666662,1,1,1,1,1,M
0.2135718571428571,0.1798112857142857,0.6108417142857144,0.08254400000000002,0.5282977142857144,0.6933857142857145,0.1698112857142857,0.1898112857142857,1,1,1,1,1,M
0.2253506,0.18642128,0.7220223999999997,0.100835,0.6211873999999997,0.8228573999999997,0.17642127999999999,0.19642128,1,1,8,1,8,M
0.320448375,0.2744964375,0.6161223124999998,0.087080125,0.5290421874999999,0.7032024374999998,0.2644964375,0.28449643750000003,1,1,1,1,1,M
0.3392659047619048,0.2758222380952381,0.7741149047619048,0.1099900952380952,0.6641248095238096,0.884105,0.2658222380952381,0.2858222380952381,1,1,8,1,8,M
0.281893,0.2319098333333333,0.7691680000000001,0.1118685,0.6572995,0.8810365000000001,0.22190983333333328,0.2419098333333333,1,1,8,1,8,M
0.2436985714285715,0.1969954285714286,0.7548437142857143,0.1012994285714286,0.6535442857142857,0.8561431428571429,0.1869954285714286,0.2069954285714286,1,1,8,1,8,M
0.5344805,0.446856375,0.714832,0.1093635,0.6054685,0.8241955000000001,0.43685637499999996,0.456856375,8,5,8,5,8,C
0.4722757142857143,0.3885047857142858,0.8601838571428573,0.1388104285714286,0.7213734285714286,0.998994285714286,0.3785047857142858,0.3985047857142858,8,8,8,8,8,C
0.227144875,0.1846414583333334,0.8057709166666666,0.116717125,0.6890537916666666,0.9224880416666665,0.1746414583333334,0.1946414583333334,8,1,8,1,8,C
0.4224561000000001,0.34295115,0.88153335,0.13682375,0.7447096,1.0183571,0.33295115,0.35295115,8,8,8,8,8,C
0.3939492727272728,0.3327006363636364,0.7215544545454545,0.1066290909090909,0.6149253636363636,0.8281835454545454,0.3227006363636364,0.3427006363636364,8,5,8,5,8,C
0.2740066666666667,0.2214468333333333,0.7499958333333333,0.09823866666666665,0.6517571666666666,0.8482345,0.21144683333333328,0.2314468333333333,1,1,8,1,8,M
0.2064535,0.1691062857142857,0.7331942142857143,0.0992795,0.6339147142857143,0.8324737142857143,0.1591062857142857,0.17910628571428572,1,1,8,1,8,M
0.1862122857142857,0.1522281428571429,0.7509107142857142,0.1012368571428571,0.6496738571428571,0.8521475714285713,0.1422281428571429,0.1622281428571429,1,1,8,1,8,M
0.241638,0.198147,0.7807945000000001,0.1134545,0.66734,0.8942490000000001,0.18814699999999998,0.208147,1,1,8,1,8,M
0.2902214117647059,0.2452275882352942,0.5692972941176471,0.08006741176470589,0.4892298823529412,0.649364705882353,0.2352275882352942,0.2552275882352942,1,1,1,1,1,M
0.219103,0.190586,0.649879,0.110169,0.53971,0.760048,0.180586,0.20058600000000001,1,1,1,1,1,M
0.10506625,0.085178,0.58117025,0.0657385,0.51543175,0.64690875,0.07517800000000001,0.095178,1,1,1,1,1,M
0.113566380952381,0.09384623809523811,0.6183144761904762,0.07851204761904762,0.5398024285714286,0.6968265238095238,0.08384623809523811,0.1038462380952381,1,1,1,1,1,M
0.1068584,0.08859026666666667,0.6581793333333333,0.08808659999999999,0.5700927333333333,0.7462659333333334,0.07859026666666667,0.09859026666666666,1,1,1,1,1,M
0.06643291666666666,0.05589341666666666,0.4804990833333334,0.05928591666666668,0.42121316666666675,0.5397850000000001,0.04589341666666666,0.06589341666666666,1,1,1,1,1,M
0.1876890000000001,0.1531256086956522,0.7469336956521739,0.100845,0.646088695652174,0.8477786956521739,0.1431256086956522,0.1631256086956522,1,1,8,1,8,M
0.2867791111111111,0.2368484444444444,0.7300026666666667,0.103412,0.6265906666666667,0.8334146666666666,0.22684844444444438,0.2468484444444444,1,1,8,1,8,M
0.5953856666666667,0.4870276666666666,0.8122933333333333,0.130382,0.6819113333333333,0.9426753333333333,0.47702766666666657,0.4970276666666666,8,5,8,5,8,C
0.3301948571428571,0.2753655714285714,0.7128085714285712,0.1061224285714286,0.6066861428571426,0.8189309999999999,0.26536557142857137,0.2853655714285714,1,1,8,1,8,M
0.150992,0.1243746666666667,0.6148993333333334,0.07623366666666666,0.5386656666666667,0.691133,0.11437466666666671,0.1343746666666667,1,1,1,1,1,M
0.116243,0.09577999999999999,0.6895183333333333,0.09599533333333334,0.593523,0.7855136666666667,0.08578,0.10577999999999999,1,1,1,1,1,M
0.142270375,0.119925875,0.541205125,0.07078525,0.47041987499999993,0.611990375,0.109925875,0.129925875,1,1,1,1,1,M
0.112743,0.09310933333333334,0.7109073333333334,0.096941,0.6139663333333334,0.8078483333333335,0.08310933333333334,0.10310933333333333,1,1,8,1,8,M
0.1072766666666667,0.086613,0.63552,0.07230766666666666,0.5632123333333333,0.7078276666666666,0.076613,0.09661299999999999,1,1,1,1,1,M
0.1322625555555555,0.110455,0.6979147777777778,0.09496622222222222,0.6029485555555556,0.792881,0.100455,0.12045499999999999,1,1,1,1,1,M
0.190073,0.157624,0.620383,0.07899,0.541393,0.699373,0.14762399999999998,0.167624,1,1,1,1,1,M
0.1240424615384615,0.1045437307692308,0.5571386538461539,0.07276511538461537,0.4843735384615385,0.6299037692307693,0.09454373076923081,0.1145437307692308,1,1,1,1,1,M
0.1655703333333333,0.1351883333333334,0.6222643333333333,0.07557233333333334,0.546692,0.6978366666666667,0.1251883333333334,0.14518833333333342,1,1,1,1,1,M
0.1632556666666667,0.1332016666666667,0.625297,0.07524666666666667,0.5500503333333333,0.7005436666666667,0.1232016666666667,0.1432016666666667,1,1,1,1,1,M
0.1502908125,0.12363975,0.5579290000000001,0.0664395,0.49148950000000013,0.6243685000000001,0.11363975000000001,0.13363975,1,1,1,1,1,M
0.1172570833333333,0.09891833333333333,0.6101871666666666,0.07940024999999999,0.5307869166666667,0.6895874166666666,0.08891833333333334,0.10891833333333333,1,1,1,1,1,M
0.1125451666666667,0.09630766666666668,0.5262448333333333,0.06956116666666666,0.4566836666666666,0.595806,0.08630766666666669,0.10630766666666668,1,1,1,1,1,M
0.1374781111111111,0.110895,0.5539303333333332,0.06372866666666666,0.49020166666666654,0.6176589999999998,0.100895,0.12089499999999999,1,1,1,1,1,M
0.074478,0.0665135,0.4645801666666666,0.06630033333333334,0.3982798333333333,0.5308805,0.0565135,0.0765135,1,1,1,1,1,M
0.08015811111111111,0.07316816666666666,0.3612232777777777,0.07055983333333332,0.29066344444444436,0.431783111111111,0.06316816666666666,0.08316816666666665,1,1,1,1,1,M
0.03300109090909091,0.03057118181818182,0.487092,0.07341045454545454,0.4136815454545455,0.5605024545454546,0.020571181818181822,0.04057118181818182,1,1,1,1,1,M
0.1038494545454545,0.0891872,0.3037294545454545,0.06463845454545454,0.239091,0.36836790909090905,0.0791872,0.09918719999999999,1,1,1,1,1,M
0.091715,0.080796,0.53421,0.069201,0.46500899999999995,0.6034109999999999,0.07079600000000001,0.090796,1,1,1,1,1,M
0.08263,0.07027757142857144,0.5403993076923077,0.06609953846153846,0.4742997692307692,0.6064988461538462,0.06027757142857144,0.08027757142857143,1,1,1,1,1,M
0.08570099999999999,0.06989600000000001,0.6020808333333333,0.0706345,0.5314463333333332,0.6727153333333333,0.05989600000000001,0.07989600000000001,1,1,1,1,1,M
0.1132565,0.09264575,0.599333,0.07072175,0.52861125,0.67005475,0.08264575,0.10264575,1,1,1,1,1,M
0.077708,0.063252,0.630324,0.07243,0.557894,0.702754,0.053252,0.073252,1,1,1,1,1,M
0.20863,0.187068,0.855259,0.216234,0.639025,1.071493,0.177068,0.19706800000000002,8,1,8,1,8,C
0.1639478461538462,0.1490315384615385,0.790977,0.2181420769230769,0.5728349230769232,1.009119076923077,0.13903153846153848,0.1590315384615385,1,1,8,1,8,M
0.278981,0.2494015,0.8207720000000001,0.2076745,0.6130975000000001,1.0284465,0.2394015,0.2594015,8,1,8,1,8,C
0.2482386666666666,0.2159773333333333,0.7013323333333333,0.1317043333333333,0.569628,0.8330366666666666,0.2059773333333333,0.2259773333333333,1,1,8,1,8,M
0.178976,0.1633041111111111,0.39443825,0.0745705,0.31986775,0.46900875,0.15330411111111109,0.1733041111111111,1,1,1,1,1,M
0.099946,0.086674,0.600429,0.092861,0.507568,0.69329,0.076674,0.096674,1,1,1,1,1,M
0.1461179,0.1270208,0.5951917000000001,0.0996446,0.49554710000000013,0.6948363000000001,0.1170208,0.1370208,1,1,1,1,1,M
0.159123,0.1370425,0.6038205,0.090405,0.5134155,0.6942254999999999,0.1270425,0.14704250000000002,1,1,1,1,1,M
0.09229317391304345,0.08299995652173915,0.3858240434782609,0.07542147826086956,0.3104025652173913,0.46124552173913047,0.07299995652173916,0.09299995652173915,1,1,1,1,1,M
0.1178819090909091,0.1032156363636364,0.5284730909090909,0.08466918181818182,0.44380390909090905,0.6131422727272727,0.0932156363636364,0.1132156363636364,1,1,1,1,1,M
0.088037,0.074342,0.623626,0.084619,0.539007,0.708245,0.06434200000000001,0.084342,1,1,1,1,1,M
0.1205035555555556,0.1057498888888889,0.6306745555555556,0.1119343333333333,0.5187402222222224,0.7426088888888889,0.0957498888888889,0.11574988888888889,1,1,1,1,1,M
0.111657,0.1025356,0.4892037,0.0988269,0.3903768,0.5880306,0.09253560000000001,0.1125356,1,1,1,1,1,M
0.075628,0.061268,0.584766,0.066194,0.518572,0.65096,0.051268,0.071268,1,1,1,1,1,M
0.09596747368421053,0.0826018888888889,0.6362988333333334,0.09810922222222224,0.5381896111111111,0.7344080555555557,0.07260188888888891,0.0926018888888889,1,1,1,1,1,M
0.128325,0.10557,0.676382,0.094831,0.581551,0.771213,0.09557,0.11556999999999999,1,1,1,1,1,M
0.0877085,0.072078,0.6137685,0.07346649999999999,0.5403020000000001,0.687235,0.062078,0.082078,1,1,1,1,1,M
0.07778739999999998,0.063524,0.5981584,0.0677593,0.5303991,0.6659177,0.053523999999999995,0.07352399999999999,1,1,1,1,1,M
0.1260195909090909,0.1117068181818182,0.4513492272727272,0.07163472727272727,0.37971449999999995,0.5229839545454544,0.1017068181818182,0.1217068181818182,1,1,1,1,1,M
0.040985,0.035886,0.520124,0.061424,0.45870000000000005,0.5815480000000001,0.025886,0.045886,1,1,1,1,1,M
0.0732235,0.0616,0.5458620000000001,0.068314,0.4775480000000001,0.614176,0.0516,0.0716,1,1,1,1,1,M
0.040067,0.033739,0.55046,0.056385,0.49407499999999993,0.606845,0.023738999999999996,0.043739,1,1,1,1,1,M
0.03175622222222222,0.02672744444444445,0.5114958000000001,0.0594216,0.45207420000000004,0.5709174,0.016727444444444448,0.03672744444444445,1,1,1,1,1,M
0.082258,0.067885,0.534621,0.061577,0.473044,0.596198,0.057885,0.077885,1,1,1,1,1,M
0.05154042857142858,0.04561242857142857,0.5560932857142856,0.07375,0.48234328571428564,0.6298432857142856,0.035612428571428566,0.05561242857142857,1,1,1,1,1,M
0.086566,0.073773,0.634732,0.083983,0.5507489999999999,0.718715,0.06377300000000001,0.083773,1,1,1,1,1,M
0.06157757142857142,0.05253600000000001,0.3943891666666666,0.0602395,0.3341496666666666,0.4546286666666666,0.04253600000000001,0.06253600000000001,1,1,1,1,1,M
0.06431433333333335,0.05589008333333332,0.5920908333333333,0.08321566666666667,0.5088751666666667,0.6753065,0.04589008333333332,0.06589008333333332,1,1,1,1,1,M
0.05946262499999999,0.05100656250000001,0.53130125,0.06867075,0.46263049999999994,0.599972,0.04100656250000001,0.061006562500000014,1,1,1,1,1,M
0.07929488888888889,0.07067094736842104,0.7739778888888891,0.1630253333333333,0.6109525555555557,0.9370032222222224,0.06067094736842104,0.08067094736842104,1,1,8,1,8,M
0.08075985714285715,0.07426685714285715,0.5519277142857143,0.10578,0.4461477142857143,0.6577077142857143,0.06426685714285715,0.08426685714285714,1,1,1,1,1,M
0.105485,0.087203,0.543806,0.065862,0.47794400000000004,0.609668,0.07720300000000001,0.097203,1,1,1,1,1,M
0.129596,0.110262,0.675827,0.111149,0.564678,0.7869759999999999,0.100262,0.120262,1,1,1,1,1,M
0.06867799999999999,0.05767614285714286,0.5731777142857143,0.06869885714285713,0.5044788571428571,0.6418765714285715,0.04767614285714286,0.06767614285714287,1,1,1,1,1,M
0.05973766666666667,0.04950133333333333,0.5463193333333333,0.06194866666666666,0.4843706666666666,0.6082679999999999,0.039501333333333326,0.05950133333333333,1,1,1,1,1,M
0.0540513,0.0478003,0.4290506000000001,0.06553080000000001,0.3635198000000001,0.4945814000000001,0.037800299999999995,0.0578003,1,1,1,1,1,M
0.080412,0.068109,0.5411086666666667,0.06759716666666667,0.47351150000000003,0.6087058333333334,0.058109,0.078109,1,1,1,1,1,M
0.0635535,0.051368125,0.5479047499999999,0.057207625,0.49069712499999996,0.6051123749999999,0.041368125,0.061368125,1,1,1,1,1,M
0.07993291666666667,0.07273,0.48311975,0.08019241666666667,0.40292733333333336,0.5633121666666667,0.06273000000000001,0.08273,1,1,1,1,1,M
0.10353875,0.09253725000000002,0.31905025,0.06280783333333333,0.25624241666666664,0.3818580833333333,0.08253725000000002,0.10253725000000001,1,1,1,1,1,M
0.05495319999999999,0.04750140000000001,0.5899321,0.0716329,0.5182992,0.661565,0.03750140000000001,0.057501400000000015,1,1,1,1,1,M
0.05714514285714285,0.05247414285714287,0.293579,0.06838485714285715,0.22519414285714284,0.3619638571428571,0.04247414285714287,0.062474142857142874,1,1,1,1,1,M
0.05967712499999999,0.056134,0.2592005000000001,0.077063,0.18213750000000012,0.3362635000000001,0.046134,0.066134,1,1,1,1,1,M
0.04431599999999999,0.0357665,0.5443564999999999,0.055007,0.4893494999999999,0.5993634999999999,0.025766499999999998,0.0457665,1,1,1,1,1,M
0.02954229411764706,0.0266095294117647,0.4941096250000001,0.07676537500000001,0.4173442500000001,0.5708750000000001,0.016609529411764697,0.0366095294117647,1,1,1,1,1,M
0.07901816666666668,0.07348154166666666,0.2949199166666667,0.06713883333333333,0.2277810833333334,0.36205875000000004,0.06348154166666667,0.08348154166666666,1,1,1,1,1,M
0.079948,0.063017,0.643113,0.067007,0.576106,0.7101200000000001,0.053017,0.073017,1,1,1,1,1,M
0.0622834,0.0540706,0.46927,0.05952320000000001,0.4097468,0.5287932000000001,0.0440706,0.0640706,1,1,1,1,1,M
0.0712295,0.06142325,0.53074525,0.07720225,0.4535429999999999,0.6079475,0.05142325,0.07142325,1,1,1,1,1,M
0.059619875,0.050655875,0.554182875,0.068799875,0.48538299999999995,0.6229827499999999,0.040655875,0.060655875000000005,1,1,1,1,1,M
0.06803963829787235,0.05879140425531916,0.5815645319148937,0.08489206382978723,0.49667246808510646,0.6664565957446809,0.04879140425531916,0.06879140425531916,1,1,1,1,1,M
0.0645354705882353,0.056839,0.4060660588235295,0.063944,0.3421220588235295,0.4700100588235295,0.046839,0.066839,1,1,1,1,1,M
0.101466,0.089772,0.581091,0.087264,0.493827,0.668355,0.07977200000000001,0.099772,1,1,1,1,1,M
0.06569105555555557,0.05600572222222222,0.568799277777778,0.07248,0.49631927777777796,0.6412792777777779,0.04600572222222222,0.06600572222222222,1,1,1,1,1,M
0.05871582142857142,0.05065821428571428,0.5220018214285715,0.07891000000000002,0.4430918214285715,0.6009118214285716,0.04065821428571428,0.06065821428571428,1,1,1,1,1,M
0.08880615789473685,0.07743531578947367,0.535814157894737,0.07255431578947368,0.4632598421052633,0.6083684736842107,0.06743531578947368,0.08743531578947367,1,1,1,1,1,M
0.0872565,0.0722425,0.5950145,0.071469,0.5235455,0.6664835,0.0622425,0.0822425,1,1,1,1,1,M
0.172152,0.143397,0.642324,0.087231,0.5550930000000001,0.729555,0.133397,0.153397,1,1,1,1,1,M
0.097491,0.08066,0.582065,0.079739,0.502326,0.6618040000000001,0.07066,0.09065999999999999,1,1,1,1,1,M
0.0945675,0.07956547500000001,0.7308112499999999,0.111163725,0.6196475249999999,0.841974975,0.06956547500000002,0.089565475,1,1,8,1,8,M
0.1027523333333333,0.08752209523809526,0.5879409523809523,0.08068833333333333,0.507252619047619,0.6686292857142857,0.07752209523809526,0.09752209523809525,1,1,1,1,1,M
0.05556579999999999,0.04876724,0.54980388,0.0773554,0.47244848,0.62715928,0.03876724,0.058767240000000005,1,1,1,1,1,M
0.09238788235294118,0.0844855882352941,0.3561206470588236,0.07229817647058823,0.2838224705882354,0.42841882352941185,0.07448558823529411,0.0944855882352941,1,1,1,1,1,M
0.1470791333333333,0.1228830625,0.6205094666666666,0.08108853333333332,0.5394209333333333,0.7015979999999999,0.1128830625,0.1328830625,1,1,1,1,1,M
0.1156386470588235,0.09432817647058825,0.7391031764705883,0.09885370588235294,0.6402494705882353,0.8379568823529413,0.08432817647058825,0.10432817647058824,1,1,8,1,8,M
0.08868408333333333,0.07313583333333334,0.7425483333333333,0.09732191666666666,0.6452264166666666,0.8398702499999999,0.06313583333333335,0.08313583333333334,1,1,8,1,8,M
0.07867430434782607,0.06545734782608695,0.6890192608695651,0.09668208695652174,0.5923371739130434,0.7857013478260868,0.055457347826086946,0.07545734782608694,1,1,1,1,1,M
0.08886666666666666,0.077616,0.5725126666666666,0.079816,0.49269666666666656,0.6523286666666666,0.06761600000000001,0.087616,1,1,1,1,1,M
0.09846833333333334,0.08608433333333333,0.6460406666666667,0.098186,0.5478546666666667,0.7442266666666667,0.07608433333333334,0.09608433333333333,1,1,1,1,1,M
0.06249399999999999,0.05475785714285714,0.6024608571428571,0.08363257142857142,0.5188282857142857,0.6860934285714285,0.04475785714285714,0.06475785714285714,1,1,1,1,1,M
0.04361294117647059,0.03864641176470589,0.5338766470588234,0.06866870588235295,0.46520794117647046,0.6025453529411764,0.028646411764705886,0.04864641176470589,1,1,1,1,1,M
0.06621410000000001,0.05697749999999999,0.5631731999999998,0.0698716,0.4933015999999998,0.6330447999999999,0.04697749999999999,0.0669775,1,1,1,1,1,M
0.08700291666666665,0.07398666666666666,0.57554875,0.07111050000000001,0.5044382500000001,0.64665925,0.06398666666666666,0.08398666666666665,1,1,1,1,1,M
0.07619086666666666,0.0637054,0.6229809999999999,0.07934400000000001,0.5436369999999999,0.7023249999999999,0.05370539999999999,0.07370539999999999,1,1,1,1,1,M
0.1004866,0.08690020000000001,0.5604744,0.0778214,0.48265300000000005,0.6382958000000001,0.07690020000000002,0.0969002,1,1,1,1,1,M
0.1385337777777778,0.1235931111111111,0.4550952222222223,0.07356188888888888,0.38153333333333345,0.5286571111111112,0.1135931111111111,0.1335931111111111,1,1,1,1,1,M
0.07322685714285715,0.06222228571428571,0.6122132142857143,0.08289285714285714,0.5293203571428572,0.6951060714285714,0.05222228571428571,0.07222228571428571,1,1,1,1,1,M
0.08161224999999998,0.07089256249999999,0.5037145000000001,0.0711639375,0.43255056250000007,0.5748784375,0.06089256249999999,0.08089256249999999,1,1,1,1,1,M
0.114728,0.095263,0.596195,0.068098,0.528097,0.664293,0.085263,0.105263,1,1,1,1,1,M
0.07377216666666665,0.064179,0.5482360833333332,0.07215666666666667,0.47607941666666653,0.6203927499999998,0.054179,0.074179,1,1,1,1,1,M
0.090334,0.074842,0.555424,0.067229,0.48819500000000005,0.622653,0.06484200000000001,0.084842,1,1,1,1,1,M
0.078181,0.063597,0.62033,0.072199,0.548131,0.6925290000000001,0.053597,0.073597,1,1,1,1,1,M
0.315092,0.250119,0.799065,0.105845,0.6932200000000001,0.90491,0.24011899999999997,0.260119,1,1,8,1,8,M
0.122363,0.100498,0.584474,0.070815,0.5136590000000001,0.655289,0.09049800000000001,0.110498,1,1,1,1,1,M
0.7320642962962962,0.6036638148148149,0.9436465909090909,0.1715489090909091,0.7720976818181817,1.1151955,0.5936638148148149,0.6136638148148149,8,8,8,8,8,C
0.6801644375000001,0.5596589062500001,0.9416665862068964,0.1695040344827586,0.7721625517241377,1.111170620689655,0.5496589062500001,0.5696589062500002,8,8,8,8,8,C
0.5552840000000001,0.4657040000000001,0.8071799285714286,0.1377405,0.6694394285714287,0.9449204285714286,0.4557040000000001,0.4757040000000001,8,5,8,5,8,C
0.4987405945945947,0.4127716486486486,0.846098351351351,0.1399952702702702,0.7061030810810809,0.9860936216216212,0.4027716486486486,0.42277164864864863,8,8,8,8,8,C
0.3563312857142857,0.2879932857142857,0.77047,0.10641945,0.66405055,0.87688945,0.27799328571428567,0.2979932857142857,1,1,8,1,8,M
0.5385542903225804,0.433313258064516,0.8512126666666666,0.1234341333333333,0.7277785333333333,0.9746467999999999,0.423313258064516,0.443313258064516,8,8,8,8,8,C
0.5274606666666667,0.4301176666666666,0.8124323333333333,0.1237268888888889,0.6887054444444444,0.9361592222222223,0.4201176666666666,0.44011766666666663,8,5,8,5,8,C
0.5317217,0.4354256000000001,0.8283639210526316,0.1317051578947368,0.6966587631578948,0.9600690789473684,0.42542560000000007,0.4454256000000001,8,5,8,5,8,C
0.7514871666666666,0.6103701395348836,0.9102794358974359,0.1453953846153846,0.7648840512820513,1.0556748205128206,0.6003701395348836,0.6203701395348836,8,8,8,8,8,C
0.6713954210526316,0.5371315000000001,0.8838722058823532,0.1313670588235294,0.7525051470588238,1.0152392647058825,0.5271315000000001,0.5471315000000001,8,8,8,8,8,C
0.6413976341463413,0.5100781219512194,0.8113503243243242,0.1096337567567568,0.7017165675675674,0.920984081081081,0.5000781219512194,0.5200781219512194,8,8,8,8,8,C
0.5598818372093023,0.4452016976744186,0.8698855121951218,0.1218701707317073,0.7480153414634145,0.991755682926829,0.4352016976744186,0.4552016976744186,8,8,8,8,8,C
0.89340176,0.7139418076923076,0.9214682857142856,0.1382905238095238,0.7831777619047618,1.0597588095238095,0.7039418076923076,0.7239418076923076,8,8,8,8,8,C
0.9000140833333332,0.7183075675675675,0.9117455454545454,0.1317174545454545,0.780028090909091,1.043463,0.7083075675675675,0.7283075675675675,8,8,8,8,8,C
0.8883661199999997,0.7203501538461539,0.9119176250000001,0.1435332083333333,0.7683844166666668,1.0554508333333334,0.7103501538461539,0.7303501538461539,8,8,8,8,8,C
1.309708782608696,1.058524913043478,0.9536880434782609,0.1602764782608696,0.7934115652173912,1.1139645217391305,1.048524913043478,1.068524913043478,8,8,8,8,8,C
1.600414782608696,1.316258416666667,0.9058475238095239,0.1497135714285714,0.7561339523809525,1.0555610952380954,1.306258416666667,1.326258416666667,8,8,8,8,8,C
1.228544333333333,0.9859589999999999,0.9561738214285713,0.1559278571428571,0.8002459642857143,1.1121016785714284,0.9759589999999999,0.9959589999999999,8,8,8,8,8,C
1.71787625,1.3611926,0.9603539600000002,0.14763944,0.8127145200000001,1.1079934000000002,1.3511926,1.3711926,8,8,8,8,8,C
2.316340846153846,1.883733884615385,0.9636236666666667,0.1733917777777778,0.7902318888888888,1.1370154444444445,1.873733884615385,1.893733884615385,8,8,8,8,8,C
2.163065181818181,1.797225083333333,0.9146949,0.1690746,0.7456203,1.0837695,1.787225083333333,1.807225083333333,8,8,8,8,8,C
2.447663461538462,1.966719857142857,0.9722054347826087,0.1793722173913043,0.7928332173913044,1.151577652173913,1.956719857142857,1.976719857142857,8,8,8,8,8,C
3.344000681818181,2.815032159999999,0.9818497333333334,0.2298524666666666,0.7519972666666668,1.2117022,2.805032159999999,2.825032159999999,8,8,8,8,8,C
3.261082764705882,2.737017043478261,0.9834533999999999,0.2321846666666667,0.7512687333333332,1.2156380666666666,2.727017043478261,2.7470170434782606,8,8,8,8,8,C
2.700327944444444,2.27730847368421,0.964994,0.21128025,0.75371375,1.17627425,2.2673084736842104,2.28730847368421,8,8,8,8,8,C
2.530002,2.1054952,0.9694763636363636,0.2205675454545455,0.7489088181818181,1.190043909090909,2.0954952000000002,2.1154952,8,8,8,8,8,C
1.245149444444444,1.028762375,0.9580524444444445,0.2172345555555556,0.7408178888888889,1.175287,1.0187623749999999,1.038762375,8,8,8,8,8,C
0.3206238536585366,0.2652466829268292,0.7821109268292684,0.1242079512195122,0.6579029756097562,0.9063188780487806,0.25524668292682917,0.2752466829268292,1,1,8,1,8,M
0.5218258095238093,0.4326398095238095,0.8548356190476192,0.1449162857142857,0.7099193333333335,0.9997519047619049,0.4226398095238095,0.4426398095238095,8,8,8,8,8,C
0.4964396875000001,0.4121270625,0.8027259999999999,0.13116875,0.67155725,0.9338947499999999,0.40212706249999997,0.4221270625,8,5,8,5,8,C
0.2132374,0.1796486,0.7342198,0.115505,0.6187148,0.8497248,0.16964859999999998,0.1896486,1,1,8,1,8,M
0.28804916,0.242425,0.6913041666666667,0.1073339166666667,0.58397025,0.7986380833333334,0.232425,0.252425,1,1,1,1,1,M
0.4514792857142858,0.3673214285714285,0.8119448857142858,0.1206902857142857,0.6912546000000002,0.9326351714285714,0.3573214285714285,0.37732142857142853,8,5,8,5,8,C
0.4841226551724138,0.3890946551724138,0.8214552068965517,0.1160643448275862,0.7053908620689655,0.9375195517241379,0.3790946551724138,0.3990946551724138,8,8,8,8,8,C
0.5571212631578947,0.4482825526315788,0.8608994324324326,0.1266598378378379,0.7342395945945948,0.9875592702702705,0.4382825526315788,0.4582825526315788,8,8,8,8,8,C
0.6110338947368421,0.5011574736842106,0.803933,0.1240897368421053,0.6798432631578947,0.9280227368421053,0.4911574736842106,0.5111574736842106,8,5,8,5,8,C
0.5834095882352941,0.4844181764705882,0.747268205882353,0.1140984411764706,0.6331697647058824,0.8613666470588236,0.4744181764705882,0.4944181764705882,8,5,8,5,8,C
0.692506,0.5663319411764707,0.870827294117647,0.1396959411764706,0.7311313529411765,1.0105232352941176,0.5563319411764707,0.5763319411764707,8,8,8,8,8,C
0.7851570909090909,0.6374380454545454,0.9007517272727273,0.1435400454545455,0.7572116818181819,1.044291772727273,0.6274380454545454,0.6474380454545454,8,8,8,8,8,C
0.9103054999999999,0.7551421764705881,0.7409909166666666,0.1177946666666667,0.6231962499999999,0.8587855833333333,0.7451421764705881,0.7651421764705881,8,5,8,5,8,C
0.648415,0.5308565000000001,0.8793535,0.1462445,0.733109,1.025598,0.5208565000000001,0.5408565000000001,8,8,8,8,8,C
0.5897089285714285,0.4853223928571428,0.8349626785714285,0.1337245357142857,0.7012381428571428,0.9686872142857141,0.4753223928571428,0.4953223928571428,8,8,8,8,8,C
0.6283471153846154,0.5149810384615385,0.8923167692307692,0.1478075,0.7445092692307692,1.0401242692307693,0.5049810384615385,0.5249810384615385,8,8,8,8,8,C
0.6855642727272726,0.5612680303030302,0.8725736250000001,0.14124034375,0.7313332812500002,1.01381396875,0.5512680303030302,0.5712680303030302,8,8,8,8,8,C
0.7486194500000002,0.6214128000000001,0.8552194,0.14552465,0.7096947499999999,1.00074405,0.6114128000000001,0.6314128000000001,8,8,8,8,8,C
0.553365,0.4631646666666667,0.9233227777777778,0.1754673333333333,0.7478554444444445,1.0987901111111111,0.4531646666666667,0.47316466666666673,8,8,8,8,8,C
0.6839384500000001,0.56300355,0.9449791666666667,0.1687152777777778,0.7762638888888889,1.1136944444444445,0.55300355,0.57300355,8,8,8,8,8,C
0.4251281,0.3506003666666667,0.8927859666666667,0.1516471333333333,0.7411388333333333,1.0444331,0.3406003666666667,0.3606003666666667,8,8,8,8,8,C
0.5037024615384614,0.426963,0.6550287692307692,0.1005509230769231,0.5544778461538462,0.7555796923076923,0.416963,0.436963,5,5,8,5,8,D
0.5379500303030303,0.4438469696969696,0.828119181818182,0.1332291818181818,0.6948900000000002,0.9613483636363638,0.43384696969696956,0.4538469696969696,8,5,8,5,8,C
0.5628101785714287,0.4714710714285714,0.7294749999999999,0.1117053571428571,0.6177696428571428,0.841180357142857,0.4614710714285714,0.48147107142857143,8,5,8,5,8,C
0.7899417999999998,0.6437027428571429,0.9013161428571428,0.1455972285714286,0.7557189142857141,1.0469133714285714,0.6337027428571429,0.6537027428571429,8,8,8,8,8,C
1.25626825,1.094639,0.6497336666666667,0.115159,0.5345746666666666,0.7648926666666667,1.084639,1.104639,5,5,8,5,8,D
0.6115927647058822,0.5015176470588235,0.880066705882353,0.1438269411764705,0.7362397647058825,1.0238936470588236,0.4915176470588235,0.5115176470588235,8,8,8,8,8,C
0.5441388823529413,0.4597157647058823,0.6612391764705883,0.101933,0.5593061764705882,0.7631721764705883,0.4497157647058823,0.46971576470588233,5,5,8,5,8,D
0.6170104545454546,0.5238864545454546,0.6421705454545455,0.09946172727272727,0.5427088181818183,0.7416322727272728,0.5138864545454546,0.5338864545454546,5,5,8,5,8,D
0.6213005294117646,0.5128773529411766,0.8019378823529411,0.1255938235294118,0.6763440588235292,0.9275317058823529,0.5028773529411766,0.5228773529411767,8,5,8,5,8,C
0.246123,0.2049276666666666,0.7201906666666665,0.106001,0.6141896666666665,0.8261916666666665,0.19492766666666658,0.2149276666666666,1,1,8,1,8,M
0.4461043157894737,0.3677773157894736,0.7999135789473685,0.1216372105263158,0.6782763684210527,0.9215507894736843,0.3577773157894736,0.3777773157894736,8,5,8,5,8,C
0.3780878571428571,0.3212418571428571,0.5345157142857142,0.07926728571428572,0.4552484285714285,0.613783,0.31124185714285707,0.3312418571428571,5,5,5,5,5,D
0.256757,0.21542675,0.63876275,0.0919455,0.54681725,0.7307082500000001,0.20542675,0.22542675,1,1,1,1,1,M
0.2889909000000001,0.2392413,0.7170164,0.1031264,0.61389,0.8201428,0.22924129999999998,0.2492413,1,1,8,1,8,M
0.1183886666666667,0.09829733333333335,0.7176903333333332,0.101932,0.6157583333333332,0.8196223333333332,0.08829733333333335,0.10829733333333334,1,1,8,1,8,M
0.487125,0.417791,0.839822,0.166338,0.673484,1.00616,0.407791,0.42779100000000003,8,5,8,5,8,C
0.3143693333333333,0.2532225,0.8105496666666667,0.1180463333333334,0.6925033333333334,0.9285960000000001,0.2432225,0.2632225,8,1,8,1,8,C
0.3798135555555555,0.306156,0.8382893888888887,0.1205004444444444,0.7177889444444443,0.9587898333333331,0.296156,0.316156,8,1,8,8,8,C
0.184091625,0.160501125,0.58757975,0.09341250000000001,0.49416724999999995,0.68099225,0.15050112499999999,0.170501125,1,1,1,1,1,M
0.184084,0.1534356666666667,0.5852643333333334,0.07723733333333332,0.508027,0.6625016666666668,0.14343566666666668,0.1634356666666667,1,1,1,1,1,M
0.1930851428571429,0.1690251428571428,0.4297751428571428,0.06738257142857143,0.3623925714285714,0.4971577142857142,0.15902514285714278,0.1790251428571428,1,1,1,1,1,M
0.2970286875000001,0.2544745625,0.5716852499999999,0.0856940625,0.4859911874999999,0.6573793124999999,0.2444745625,0.2644745625,1,1,1,1,1,M
0.1489855,0.1215898,0.6763454999999999,0.0884955,0.58785,0.7648409999999999,0.1115898,0.1315898,1,1,1,1,1,M
0.2978555833333333,0.2544330833333333,0.5856895833333332,0.08342083333333333,0.5022687499999998,0.6691104166666666,0.2444330833333333,0.2644330833333333,1,1,1,1,1,M
0.2983331111111112,0.2468203888888889,0.6187352777777778,0.08141166666666669,0.5373236111111112,0.7001469444444445,0.2368203888888889,0.2568203888888889,1,1,1,1,1,M
0.3305598571428572,0.2862434285714285,0.522992,0.080659,0.44233300000000003,0.603651,0.2762434285714285,0.2962434285714285,1,1,1,1,1,M
0.07047166666666667,0.06117533333333333,0.5821743333333335,0.08053366666666667,0.5016406666666668,0.6627080000000001,0.05117533333333333,0.07117533333333333,1,1,1,1,1,M
0.1730873333333333,0.1480916666666666,0.5854146666666667,0.08643800000000001,0.49897666666666673,0.6718526666666668,0.13809166666666658,0.1580916666666666,1,1,1,1,1,M
0.1299914,0.1119437,0.5162503,0.0764018,0.43984850000000003,0.5926521,0.1019437,0.12194369999999999,1,1,1,1,1,M
0.1488958421052632,0.1278044736842106,0.4847245000000002,0.07065877777777779,0.41406572222222243,0.5553832777777781,0.11780447368421061,0.13780447368421062,1,1,1,1,1,M
0.1546399444444445,0.1283238333333333,0.5557380000000001,0.07038661111111111,0.48535138888888896,0.6261246111111112,0.11832383333333331,0.1383238333333333,1,1,1,1,1,M
0.1455403636363636,0.1178437272727272,0.6938072857142858,0.08761033333333332,0.6061969523809525,0.7814176190476192,0.1078437272727272,0.1278437272727272,1,1,1,1,1,M
0.1785905,0.147077,0.638009,0.086897125,0.551111875,0.7249061250000001,0.137077,0.15707700000000002,1,1,1,1,1,M
0.133126,0.1071713125,0.6248971874999999,0.07629443749999998,0.5486027499999999,0.7011916249999999,0.09717131250000001,0.1171713125,1,1,1,1,1,M
0.2098943103448276,0.1746459655172414,0.6464571379310344,0.08846927586206896,0.5579878620689654,0.7349264137931034,0.1646459655172414,0.1846459655172414,1,1,1,1,1,M
0.3511335,0.28782925,0.681431,0.09140649999999999,0.5900245000000001,0.7728375,0.27782924999999997,0.29782925,1,1,1,1,1,M
0.4445482857142857,0.378007,0.5776704285714286,0.0843562857142857,0.49331414285714287,0.6620267142857142,0.368007,0.388007,5,5,5,5,5,D
0.2350475,0.1976575,0.5150295714285714,0.07370585714285714,0.44132371428571426,0.5887354285714286,0.1876575,0.20765750000000002,1,1,1,1,1,M
0.1218953333333333,0.101737,0.603884,0.08066,0.523224,0.6845439999999999,0.091737,0.11173699999999999,1,1,1,1,1,M
0.131543,0.11142,0.543015,0.068848,0.474167,0.611863,0.10142000000000001,0.12142,1,1,1,1,1,M
0.1331155,0.1087105,0.5772714999999999,0.069313,0.5079585,0.6465844999999999,0.0987105,0.1187105,1,1,1,1,1,M
0.1455742,0.1247068,0.5301589999999999,0.0722905,0.45786849999999996,0.6024495,0.11470680000000001,0.13470680000000002,1,1,1,1,1,M
0.1253295,0.1037775,0.537118611111111,0.06790788888888888,0.46921072222222215,0.6050264999999999,0.0937775,0.11377749999999999,1,1,1,1,1,M
0.1678385,0.13752025,0.6424403333333335,0.08395233333333334,0.5584880000000002,0.7263926666666668,0.12752025,0.14752025000000002,1,1,1,1,1,M
0.1429642,0.12302125,0.4686753,0.06879145,0.39988385000000004,0.53746675,0.11302125,0.13302125,1,1,1,1,1,M
0.2022542,0.17878676,0.4441895200000001,0.07503624000000002,0.3691532800000001,0.5192257600000001,0.16878675999999998,0.18878676,1,1,1,1,1,M
0.112581,0.095999,0.540838,0.076129,0.46470900000000004,0.616967,0.085999,0.105999,1,1,1,1,1,M
0.05471569230769231,0.04923307692307692,0.3425582307692308,0.07049538461538461,0.2720628461538462,0.41305361538461544,0.03923307692307692,0.05923307692307692,1,1,1,1,1,M
0.178088,0.1577928333333334,0.4510966666666666,0.07305483333333333,0.37804183333333324,0.5241514999999999,0.1477928333333334,0.16779283333333342,1,1,1,1,1,M
0.1581645714285714,0.1346508571428571,0.5535934285714286,0.07824014285714286,0.4753532857142857,0.6318335714285714,0.1246508571428571,0.1446508571428571,1,1,1,1,1,M
0.1244166666666667,0.1028623333333333,0.5543053333333333,0.07122833333333332,0.483077,0.6255336666666667,0.09286233333333331,0.1128623333333333,1,1,1,1,1,M
0.1142538571428571,0.09942899999999999,0.5007824285714285,0.08219585714285715,0.41858657142857136,0.5829782857142857,0.089429,0.10942899999999998,1,1,1,1,1,M
0.100961375,0.08937049999999999,0.4687021428571429,0.07814014285714287,0.390562,0.5468422857142857,0.0793705,0.09937049999999999,1,1,1,1,1,M
0.1388887777777778,0.123113,0.4228175555555556,0.06957866666666665,0.353238888888889,0.49239622222222224,0.113113,0.133113,1,1,1,1,1,M
0.2235384444444444,0.2093748888888889,0.3221056666666667,0.07831800000000001,0.24378766666666668,0.4004236666666667,0.19937488888888888,0.2193748888888889,1,1,1,1,1,M
0.08759149999999999,0.07885049999999999,0.34937575,0.06666325000000001,0.2827125,0.416039,0.0688505,0.08885049999999999,1,1,1,1,1,M
0.099366,0.083232,0.532073,0.06954,0.462533,0.6016130000000001,0.073232,0.093232,1,1,1,1,1,M
1.660697,1.6179828,0.2080696,0.112223,0.09584659999999999,0.3202926,1.6079828,1.6279828,5,5,5,5,5,D
1.024145555555556,1.012700222222222,0.1555564444444445,0.1005585555555556,0.0549978888888889,0.2561150000000001,1.0027002222222219,1.022700222222222,5,5,5,5,5,D
0.8498253333333334,0.8399135833333333,0.1410548333333334,0.09772083333333333,0.04333400000000008,0.23877566666666672,0.8299135833333333,0.8499135833333333,5,5,5,5,5,D
1.139099363636364,1.121208,0.1585719090909091,0.0995238181818182,0.0590480909090909,0.2580957272727273,1.111208,1.131208,5,5,5,5,5,D
0.807496125,0.7982435,0.145111125,0.09535675,0.049754375,0.240467875,0.7882435,0.8082435,5,5,5,5,5,D
